verified_monthly_income,income_volatility,income_stability,foir,ltv,emi_to_income,existing_monthly_obligations,bank_balance_trend,income_sources,income_mismatch_percentage,document_confidence,identity_mismatch_flag,repayment_history_score,employment_stability,loan_amount,vehicle_price,tenure_months,risk_label
62957.009884,0.012505,0.987495,0.245087,0.878706,0.343311,22467.583145,-0.239143,1.843844,0.010429,0.609319,0.0,0.703213,0.415922,127604.801233,352951.463867,60.0,0.393136
59194.926291,0.404715,0.595285,0.623783,0.853791,0.232283,3681.439012,0.370049,1.673189,0.032461,0.548358,1.0,0.908497,0.762236,334423.612913,386487.350411,24.0,0.764564
87983.682298,0.189267,0.810733,0.639113,0.802038,0.404363,20319.027089,0.1932,1.091649,0.079764,0.644694,0.0,0.447875,0.539675,94340.485999,196748.913306,48.0,0.557928
41645.302517,0.335088,0.664912,0.544306,0.446412,0.329543,8897.766706,-0.128632,1.92452,0.094482,0.962696,0.0,0.812897,0.531769,170256.129701,402691.702589,24.0,0.403866
17407.518293,0.157727,0.842273,0.237139,1.012891,0.409201,2191.104387,0.158807,1.791264,0.320092,0.729426,0.0,0.558928,0.547977,250865.165615,190351.47558,60.0,0.542117
44955.037886,0.10966,0.89034,0.431192,0.459091,0.135548,1971.712324,0.139212,2.584159,0.147756,0.531764,0.0,0.628972,0.997673,239898.877334,487852.918598,24.0,0.352728
23591.380724,0.442394,0.557606,0.599589,0.621114,0.216855,1492.463919,-0.297728,2.444184,0.251888,0.985944,0.0,0.857177,0.704609,96179.679751,342626.081298,36.0,0.420185
72188.310006,0.26969,0.73031,0.44473,0.400372,0.226971,562.397247,0.350369,2.757444,0.291083,0.653757,0.0,0.434755,0.926806,381962.811401,115974.449869,60.0,0.447969
88348.837026,0.266353,0.733647,0.528838,1.015452,0.174492,18647.746179,0.124616,2.928726,0.32512,0.877633,0.0,0.813921,0.827769,195657.381999,362108.523048,48.0,0.485556
53818.188078,0.060502,0.939498,0.319756,0.782401,0.195938,4740.680246,-0.250305,2.262206,0.08013,0.95271,0.0,0.915781,0.442514,140921.575685,360970.666884,36.0,0.361133
69251.442441,0.441192,0.558808,0.257948,0.707432,0.25433,2612.878987,0.161288,1.708595,0.143886,0.931918,0.0,0.432503,0.792073,279701.11544,105457.323112,48.0,0.467617
23195.177418,0.095795,0.904205,0.191118,0.519267,0.272667,8113.542742,-0.247231,2.616044,0.299588,0.548954,0.0,0.791287,0.724353,65017.671209,119170.365997,36.0,0.28467
51423.084409,0.106874,0.893126,0.138113,0.646333,0.445152,5455.023698,0.248849,1.910017,0.148053,0.978659,0.0,0.997254,0.733461,304258.813601,145014.666615,48.0,0.254317
19386.246901,0.367869,0.632131,0.303843,0.432593,0.27734,7129.386366,0.071788,1.113759,0.17774,0.925671,0.0,0.441113,0.440777,353018.52867,249585.731554,36.0,0.459161
17980.624672,0.040992,0.959008,0.467398,0.60564,0.206053,4816.836554,-0.080071,1.531229,0.045807,0.82275,0.0,0.674335,0.957411,378149.657731,83912.491891,24.0,0.328935
30986.57342,0.1326,0.8674,0.672562,0.971526,0.241944,1955.213521,0.283621,2.40708,0.214087,0.993617,0.0,0.792386,0.404694,337815.405939,205739.075924,24.0,0.595705
25071.83358,0.057714,0.942286,0.459595,0.577026,0.319594,7196.741332,-0.157482,2.268476,0.092394,0.744266,0.0,0.943202,0.907662,91381.479022,257901.824477,48.0,0.294048
40016.740395,0.06541,0.93459,0.205028,0.687193,0.35287,8978.265757,-0.221688,2.890102,0.241857,0.574527,0.0,0.421617,0.62153,247858.532893,260510.41941,24.0,0.414428
82423.611656,0.398061,0.601939,0.684301,0.53655,0.202345,3389.048621,0.246081,2.768269,0.142232,0.810331,0.0,0.492732,0.957929,353965.936715,490006.533831,36.0,0.532109
16858.977142,0.368282,0.631718,0.70503,0.921453,0.405141,5467.361679,-0.113236,2.574749,0.037833,0.936083,0.0,0.915156,0.53346,337639.445903,273327.358565,48.0,0.590645
80349.22769,0.111462,0.888538,0.359003,0.581092,0.142909,24854.479228,-0.054198,2.018811,0.237831,0.921831,0.0,0.59869,0.41656,358193.059936,189710.382484,48.0,0.376561
59742.844124,0.172844,0.827156,0.383656,1.039753,0.158163,21495.588419,-0.166945,1.088773,0.15262,0.75996,0.0,0.883907,0.812114,379689.460935,389555.831266,36.0,0.404943
20248.035834,0.332119,0.667881,0.304045,0.95121,0.357519,2432.374419,-0.083501,1.816786,0.14084,0.647828,0.0,0.476373,0.652268,379723.648048,364473.537015,36.0,0.520412
37571.240592,0.273969,0.726031,0.286494,0.679427,0.311395,9839.241002,0.025492,1.88432,0.074795,0.736593,1.0,0.940708,0.877615,117695.074707,115614.125425,48.0,0.627022
22004.040006,0.476,0.524,0.301773,0.924266,0.168627,406.755401,0.388755,2.222548,0.268971,0.727708,0.0,0.931682,0.745403,304237.61127,241270.956305,60.0,0.371137
64204.350833,0.002772,0.997228,0.60053,0.469282,0.260298,4517.076088,0.370576,2.035916,0.017576,0.624599,0.0,0.909002,0.673877,332481.644586,360382.647686,48.0,0.405043
81856.944436,0.306326,0.693674,0.428106,0.93987,0.300798,29377.085541,0.220559,1.949349,0.090717,0.62362,0.0,0.782597,0.859488,237241.936362,343234.343532,48.0,0.451896
68515.864696,0.117247,0.882753,0.680467,0.452375,0.169774,10497.597708,-0.193036,1.427906,0.145204,0.665441,0.0,0.679555,0.437359,343182.997576,243580.26132,24.0,0.500966
72419.593209,0.190191,0.809809,0.328643,0.889759,0.401638,27618.814906,-0.006685,2.495031,0.191146,0.801626,1.0,0.532323,0.531653,208184.231856,92190.424378,48.0,0.816568
65165.521547,0.399071,0.600929,0.646329,0.997702,0.443638,13922.577956,0.33485,2.183786,0.23205,0.541974,0.0,0.657168,0.920111,121787.869015,189265.651846,48.0,0.561547
39513.435366,0.380615,0.619385,0.588806,0.940751,0.20325,1294.558654,-0.286432,2.078838,0.349968,0.67498,0.0,0.790086,0.86874,281596.582783,396777.945705,36.0,0.476206
16528.501299,0.076191,0.923809,0.535148,0.76658,0.191928,4624.443074,0.236829,1.335578,0.212537,0.873963,0.0,0.46872,0.891581,388005.062832,125401.474856,24.0,0.530167
58184.754631,0.454013,0.545987,0.711956,0.528914,0.315392,19330.642686,-0.130005,2.394386,0.105554,0.84213,0.0,0.883317,0.877736,252417.068825,97249.034687,60.0,0.480383
20171.755239,0.323772,0.676228,0.373038,0.718631,0.263063,2922.387385,0.324103,1.919479,0.053547,0.588068,1.0,0.713048,0.790274,269410.200378,466239.415899,60.0,0.704063
49865.532873,0.412867,0.587133,0.309498,0.559572,0.428425,5563.562312,0.015561,2.500953,0.199447,0.834094,0.0,0.601838,0.696584,170504.817082,284770.971604,48.0,0.464403
40525.413237,0.44016,0.55984,0.279575,0.406598,0.432861,1387.800265,0.204052,1.977156,0.265358,0.845305,0.0,0.787542,0.694493,329597.175165,119082.407233,36.0,0.357736
33247.887291,0.33198,0.66802,0.459757,0.623442,0.448888,7319.701563,-0.053733,1.907491,0.107318,0.615269,0.0,0.832771,0.589329,312579.561637,479368.575365,36.0,0.416085
70395.349013,0.13825,0.86175,0.594135,0.787914,0.443569,23445.265694,-0.092627,1.721762,0.105794,0.854009,0.0,0.47595,0.427309,78538.846881,202697.390712,36.0,0.603523
71459.413184,0.051294,0.948706,0.284821,0.711164,0.232433,27597.558004,-0.123265,2.723446,0.03993,0.532672,1.0,0.695048,0.746213,293393.346207,143725.342919,48.0,0.663122
21388.56813,0.124095,0.875905,0.370513,0.787482,0.324078,6636.389649,-0.033735,2.817009,0.104074,0.794263,0.0,0.657298,0.741178,80478.303487,483245.686522,24.0,0.479025
30584.092937,0.105513,0.894487,0.202087,0.512979,0.144771,32.73382,0.015353,2.187622,0.101941,0.615738,0.0,0.824173,0.821793,214370.650978,368701.66643,48.0,0.277246
61879.350537,0.330592,0.669408,0.37634,0.753966,0.333719,22484.7641,0.278642,1.14282,0.058073,0.653806,0.0,0.849375,0.741524,158127.600024,132228.536433,48.0,0.431655
85700.718056,0.250236,0.749764,0.152287,0.42591,0.262569,11049.276455,-0.124742,1.182654,0.336669,0.917979,0.0,0.745119,0.970472,399854.621738,362358.265407,48.0,0.288426
72233.175313,0.087595,0.912405,0.387449,0.580802,0.448992,12594.142675,0.269971,2.93811,0.164504,0.704174,0.0,0.592635,0.46276,114680.449904,252890.937711,60.0,0.436074
85889.515467,0.406783,0.593217,0.395637,0.604436,0.22668,33331.47844,-0.017077,2.029193,0.345842,0.82883,0.0,0.725556,0.647949,123778.064074,231947.330844,60.0,0.458793
71999.290205,0.101779,0.898221,0.702987,0.684775,0.350423,3497.036726,0.381203,2.217743,0.083754,0.579189,0.0,0.730503,0.731351,91691.128436,496747.998546,24.0,0.48461
23809.961182,0.416072,0.583928,0.565792,0.730767,0.21023,7949.897897,0.386171,1.487462,0.192943,0.691793,0.0,0.953121,0.704945,358970.92675,442891.31246,48.0,0.476555
79080.928498,0.169938,0.830062,0.273662,0.401667,0.359597,26491.349422,0.105946,2.319882,0.302841,0.723274,0.0,0.690605,0.599464,319376.710391,238428.22277,48.0,0.411259
88558.09735,0.119403,0.880597,0.656408,0.667004,0.224998,16754.350725,0.339401,1.762462,0.345945,0.896197,0.0,0.791211,0.491263,388040.309046,133023.43332,48.0,0.536329
80564.278054,0.220153,0.779847,0.397003,0.869588,0.255293,21100.793939,-0.191947,1.938981,0.339221,0.669281,0.0,0.815623,0.789902,349600.199399,437983.361358,60.0,0.486253
62009.938426,0.443719,0.556281,0.45166,0.801349,0.197474,16975.830187,-0.098835,1.454973,0.031633,0.989169,0.0,0.856222,0.822334,94172.46171,149873.210426,48.0,0.45745
18449.322651,0.398072,0.601928,0.343647,0.49462,0.295285,4176.395765,0.254764,1.339967,0.027639,0.93542,0.0,0.771826,0.544498,370361.865448,140109.442454,60.0,0.395283
49467.787438,0.33342,0.66658,0.402415,0.586961,0.300377,1461.513913,0.361665,2.975303,0.104704,0.981015,0.0,0.814188,0.674101,162721.367983,499736.89751,60.0,0.347141
43602.322324,0.17948,0.82052,0.554531,0.414261,0.393912,6903.219797,-0.294331,2.730135,0.272409,0.986801,0.0,0.94637,0.847103,343165.225889,459232.665749,36.0,0.38984
41424.071688,0.318309,0.681691,0.540547,0.868603,0.33753,13890.934733,0.139774,2.806807,0.226219,0.654466,0.0,0.664494,0.747744,309002.321099,117856.017813,48.0,0.51536
46162.732006,0.100397,0.899603,0.669699,0.637807,0.285592,5032.242822,-0.184819,2.828098,0.330466,0.983692,0.0,0.577085,0.922238,333439.063126,276699.183318,24.0,0.463526
87487.51571,0.43007,0.56993,0.736962,1.028725,0.385514,12800.300152,0.253477,1.027837,0.1878,0.727393,0.0,0.803697,0.803404,258750.431162,425415.266515,48.0,0.552944
32536.642666,0.012512,0.987488,0.464915,0.994916,0.193051,822.748111,0.276699,2.818775,0.105767,0.704148,0.0,0.483866,0.967757,163483.958681,286902.339971,24.0,0.44054
55315.995441,0.194323,0.805677,0.717097,0.852715,0.298264,12995.726351,0.208619,2.770828,0.229223,0.916847,0.0,0.769391,0.963432,155111.647629,369917.878774,36.0,0.511576
86291.637739,0.427725,0.572275,0.545692,0.753903,0.442688,12380.221269,-0.021302,1.379617,0.042756,0.924017,0.0,0.67283,0.797661,278179.518859,330801.302998,24.0,0.460761
40013.186732,0.49441,0.50559,0.233384,0.939382,0.302889,9385.222328,0.269137,1.465997,0.271029,0.894322,0.0,0.757589,0.566365,394569.564828,494761.467834,48.0,0.494506
23244.476092,0.433224,0.566776,0.332857,0.91248,0.314321,146.729207,-0.114243,1.253517,0.147336,0.556825,0.0,0.438135,0.668965,183093.251098,329339.727505,60.0,0.515484
85906.173223,0.021683,0.978317,0.663538,0.738943,0.271154,33126.320111,-0.257422,1.957964,0.140566,0.843049,0.0,0.694161,0.94582,84986.843361,113932.000513,36.0,0.431403
35626.199967,0.316538,0.683462,0.311371,1.046508,0.295084,6465.662478,0.123799,1.198357,0.245623,0.926396,0.0,0.79055,0.861378,305085.571664,170309.687858,60.0,0.485897
46036.017838,0.41371,0.58629,0.574248,0.603156,0.223133,4693.644487,0.367515,2.373642,0.165994,0.545612,0.0,0.451219,0.659126,313160.249525,236511.680938,36.0,0.526861
58984.881205,0.280793,0.719207,0.17945,0.629839,0.339562,17702.170949,0.307665,2.442121,0.33894,0.800205,0.0,0.610988,0.746751,132331.193928,355829.247255,36.0,0.432974
41258.549567,0.278133,0.721867,0.281069,0.547003,0.261607,9257.852484,0.237203,2.243448,0.236242,0.77837,0.0,0.765397,0.794699,295780.203871,92160.336046,48.0,0.3724
38173.851662,0.169912,0.830088,0.665411,0.768109,0.252259,2166.360801,0.14322,1.061314,0.261139,0.607566,1.0,0.651899,0.604538,185818.051442,383070.306452,24.0,0.830831
81250.663839,0.07779,0.92221,0.132346,0.453028,0.266227,13780.592717,0.124953,1.828367,0.075449,0.756173,0.0,0.607104,0.466534,290594.083597,329116.385165,48.0,0.271455
44644.754707,0.299662,0.700338,0.295923,0.537302,0.165287,4563.042232,-0.070314,1.01546,0.261455,0.587847,1.0,0.628124,0.822203,230089.197829,430008.765016,48.0,0.663661
20405.662244,0.430882,0.569118,0.112182,0.998756,0.404496,4699.498787,0.10138,2.418998,0.146193,0.557587,0.0,0.412514,0.594861,332449.532466,339612.610588,48.0,0.460152
78336.326986,0.121658,0.878342,0.440576,0.657248,0.222391,10638.489363,-0.066852,1.336265,0.178669,0.557013,0.0,0.705971,0.943554,178787.590261,385499.224383,36.0,0.358736
25983.316371,0.098636,0.901364,0.59414,0.826081,0.178458,8032.462564,0.045882,2.508892,0.265957,0.724453,0.0,0.954493,0.738695,276001.428481,342299.147366,48.0,0.405949
20121.469387,0.221104,0.778896,0.278538,0.436512,0.287421,2498.344825,0.01634,1.11378,0.291094,0.538366,0.0,0.91855,0.913176,269102.852061,292968.48328,60.0,0.29568
86567.360754,0.369461,0.630539,0.690882,0.771577,0.182119,20949.503319,0.050957,2.915445,0.157683,0.905483,0.0,0.902426,0.989431,88671.904888,351373.37828,24.0,0.433627
47831.870573,0.219711,0.780289,0.203185,0.642354,0.213355,7820.881961,-0.063143,2.195772,0.276229,0.823653,0.0,0.439547,0.456704,290648.977246,199341.729029,36.0,0.416108
58705.463594,0.070714,0.929286,0.729003,0.854012,0.249346,13972.868462,0.356602,1.619164,0.131838,0.895831,0.0,0.887911,0.80207,341846.050784,390285.362294,24.0,0.498794
46755.477474,0.180914,0.819086,0.217171,0.539225,0.432731,9094.331635,-0.14142,1.275131,0.027008,0.922214,0.0,0.460684,0.862525,343940.741056,451146.509507,24.0,0.395443
80729.457941,0.309016,0.690984,0.200264,0.51755,0.348639,20173.98412,0.331859,2.442366,0.015292,0.68215,0.0,0.831751,0.981753,267602.443523,396004.289347,60.0,0.259334
32937.637293,0.482798,0.517202,0.687583,0.526111,0.343841,7515.306833,0.008418,2.538877,0.272343,0.751453,0.0,0.651196,0.497235,127897.228691,333958.647982,48.0,0.514729
51044.29916,0.185606,0.814394,0.562411,0.735341,0.161144,1712.538797,-0.187781,1.898638,0.179673,0.915523,0.0,0.455028,0.946303,337679.106991,451544.504962,24.0,0.469315
44734.04741,0.186981,0.813019,0.153044,0.54595,0.225166,1772.955674,0.200293,1.670581,0.051117,0.519152,0.0,0.950438,0.683473,342577.565217,398713.285002,60.0,0.240176
15393.839873,0.039613,0.960387,0.642726,0.756723,0.359987,3249.77202,-0.222169,1.576203,0.105403,0.523875,0.0,0.651895,0.876339,215418.629656,126560.316022,60.0,0.499744
16232.651415,0.257688,0.742312,0.193325,0.679005,0.322887,1561.998173,-0.008403,2.328743,0.029965,0.987327,0.0,0.440608,0.715636,232491.416837,495099.223951,24.0,0.391588
50260.130862,0.317835,0.682165,0.264873,0.410557,0.380212,6931.927371,0.213059,2.256514,0.270025,0.867593,0.0,0.599511,0.426601,245644.673371,421673.723534,36.0,0.446552
66351.192481,0.49041,0.50959,0.218481,0.487654,0.356295,25043.730792,-0.274111,1.403182,0.276888,0.942895,0.0,0.589357,0.586046,195396.178933,422470.553876,60.0,0.401223
71496.818911,0.095552,0.904448,0.607547,0.962769,0.229535,3559.826849,-0.042387,2.778973,0.260158,0.947319,0.0,0.631987,0.984234,228709.097023,288959.824847,48.0,0.533347
69531.099326,0.039464,0.960536,0.634522,0.754558,0.226,2226.911764,0.162643,1.612992,0.210918,0.713058,0.0,0.813859,0.610928,74400.755369,445415.613524,48.0,0.474337
47620.537807,0.319735,0.680265,0.137283,0.83627,0.254049,9773.372875,0.224929,1.319973,0.010899,0.924335,0.0,0.806853,0.662904,102918.208263,179118.059777,48.0,0.3317
86210.033391,0.016193,0.983807,0.39245,0.641127,0.2665,2651.318155,-0.203613,1.7339,0.110035,0.639345,0.0,0.976312,0.415548,123256.336821,297453.015168,24.0,0.326634
34521.732835,0.223137,0.776863,0.285625,0.995711,0.282096,1693.462526,0.296978,1.904085,0.314538,0.722556,0.0,0.452674,0.809158,347477.214451,214226.864282,48.0,0.512954
56249.786062,0.145181,0.854819,0.202378,0.861216,0.351072,3917.032821,-0.046955,1.448483,0.344796,0.896033,0.0,0.542042,0.696413,182704.818311,320356.510989,60.0,0.473189
56373.520044,0.305974,0.694026,0.301039,1.049737,0.357227,11854.125814,0.238415,2.646679,0.025813,0.98619,0.0,0.785403,0.669985,291237.056821,224696.207895,36.0,0.47924
24677.471835,0.251432,0.748568,0.640404,0.736766,0.220361,1598.774033,0.354316,1.450941,0.331619,0.759449,0.0,0.570429,0.447316,126742.652624,481667.683358,48.0,0.523037
37711.845458,0.266739,0.733261,0.209613,1.012045,0.170884,9936.812928,0.204443,2.210278,0.294886,0.781809,0.0,0.895142,0.417024,75457.013119,349410.568206,48.0,0.434404
72521.925069,0.208293,0.791707,0.423725,0.807657,0.215592,27751.244777,0.038061,2.609376,0.239747,0.648717,0.0,0.443784,0.435948,209465.869973,283385.474645,36.0,0.520439
25775.151837,0.430743,0.569257,0.742215,0.624491,0.251576,7842.502295,0.060486,1.212368,0.084608,0.561261,0.0,0.669758,0.484527,77205.799212,477061.654935,60.0,0.531981
79898.062629,0.07985,0.92015,0.475497,0.603265,0.37183,15924.180594,0.060307,1.997519,0.107989,0.511588,0.0,0.96714,0.703267,388673.454388,170360.657461,48.0,0.326872
36101.725378,0.298759,0.701241,0.537138,0.585736,0.122699,1552.332088,-0.206246,1.528946,0.128022,0.701627,0.0,0.427145,0.430695,251017.734156,232259.985897,48.0,0.458662
52819.164684,0.382202,0.617798,0.742909,0.842259,0.159208,20601.223923,-0.024267,2.589794,0.11868,0.969474,0.0,0.852979,0.519435,233101.655517,290032.7195,24.0,0.499302
68519.388474,0.401983,0.598017,0.196811,0.980536,0.166128,25526.726481,-0.077029,1.785909,0.215775,0.921301,0.0,0.756235,0.704389,233302.794255,285735.593868,48.0,0.416666
16247.771663,0.16562,0.83438,0.370751,0.599991,0.416593,5667.866909,0.140482,2.193819,0.092936,0.827795,0.0,0.983234,0.747085,137364.696602,101569.169351,60.0,0.320706
62176.893086,0.309868,0.690132,0.196054,0.842472,0.130418,23582.580611,-0.223073,1.037875,0.109792,0.575716,0.0,0.8143,0.646226,323490.582614,466618.798957,24.0,0.384049
53901.240867,0.280443,0.719557,0.410941,0.644936,0.435706,9910.573903,0.073189,2.092546,0.236554,0.933827,0.0,0.808448,0.882192,149883.142318,283355.642712,36.0,0.393612
37387.437089,0.470743,0.529257,0.601263,0.858186,0.347779,7313.028749,0.035862,2.120975,0.32707,0.860832,0.0,0.572674,0.744086,244684.898176,456219.393847,60.0,0.619475
86595.664754,0.402308,0.597692,0.28696,0.864192,0.2343,15323.141391,-0.120489,1.958159,0.070724,0.769289,0.0,0.959814,0.817703,106672.804632,338584.354454,36.0,0.333451
65237.547367,0.265521,0.734479,0.134119,0.668646,0.356728,2623.721195,0.239536,1.010363,0.192623,0.96455,0.0,0.644144,0.961019,358655.871315,280528.378585,36.0,0.362587
36543.377817,0.142708,0.857292,0.599671,0.823994,0.196633,10797.640269,0.295233,1.074596,0.322515,0.708942,0.0,0.902563,0.960354,72355.548732,431205.343207,60.0,0.411094
71175.240108,0.436145,0.563855,0.124353,0.593955,0.318918,26433.198638,-0.065471,1.908698,0.224459,0.762159,0.0,0.933556,0.48052,231432.308995,194591.574229,24.0,0.32499
69833.942536,0.324143,0.675857,0.109155,0.619123,0.217358,18838.43618,-0.164787,2.221909,0.223554,0.702745,0.0,0.656622,0.596756,196283.303853,120061.744434,36.0,0.351795
85186.904025,0.003415,0.996585,0.390378,0.573546,0.228776,19847.211256,0.101014,1.523106,0.125843,0.618151,0.0,0.800672,0.679237,114303.720577,368150.920354,48.0,0.370214
62903.34939,0.470318,0.529682,0.243552,1.022284,0.2778,11447.872967,0.392187,1.74725,0.245679,0.956398,0.0,0.85441,0.881197,340705.193089,399981.040388,24.0,0.422995
54612.984305,0.180892,0.819108,0.172936,0.938703,0.417953,4416.153999,0.075662,1.329074,0.29907,0.72092,0.0,0.808177,0.830151,226201.508723,457533.52772,60.0,0.421798
49007.422513,0.256624,0.743376,0.137529,0.700546,0.386282,14178.436987,-0.022836,2.632906,0.261032,0.789156,0.0,0.427174,0.606717,81678.370118,497531.9374,24.0,0.494038
50405.340063,0.143545,0.856455,0.188029,0.816991,0.360666,19431.915213,-0.037877,2.782667,0.156988,0.958558,0.0,0.626498,0.44815,387809.087969,447312.56311,36.0,0.452135
41082.741535,0.089237,0.910763,0.443748,0.873108,0.193488,57.076991,-0.284085,1.596726,0.235725,0.772223,0.0,0.71916,0.894016,144154.093091,225387.088695,48.0,0.387487
80640.613097,0.382745,0.617255,0.529128,0.7997,0.428959,28677.135554,-0.131534,1.134582,0.20788,0.723221,1.0,0.803214,0.923327,143209.611414,98579.426624,60.0,0.790896
32575.445887,0.108635,0.891365,0.136689,0.727532,0.215457,10629.840425,0.212062,1.637807,0.209271,0.836266,0.0,0.592399,0.581059,108708.547616,357289.218001,36.0,0.367158
35636.544038,0.278359,0.721641,0.577888,0.513837,0.343988,7923.438695,-0.267181,1.68883,0.225161,0.690577,0.0,0.714678,0.817785,198808.120122,205953.167663,36.0,0.479652
50513.911531,0.42467,0.57533,0.559925,0.923755,0.421865,11363.325641,0.37745,2.114574,0.046932,0.621429,0.0,0.522002,0.788024,373556.875534,435796.022086,24.0,0.576302
77205.471391,0.025768,0.974232,0.49323,0.425706,0.144019,24849.372103,0.111309,2.342901,0.075956,0.604445,0.0,0.94422,0.581913,369058.01464,168959.264261,36.0,0.371637
23798.714958,0.499786,0.500214,0.257686,0.792861,0.187489,8711.533505,0.086456,2.551028,0.133232,0.766825,0.0,0.615556,0.556937,234357.623608,288856.463102,24.0,0.481225
69181.017989,0.380814,0.619186,0.232033,0.603399,0.135086,23911.307585,0.218877,1.03244,0.193659,0.792016,0.0,0.832007,0.577115,126705.206127,176607.822921,36.0,0.349031
64095.597459,0.342423,0.657577,0.634035,1.02823,0.331759,12578.006791,-0.182236,2.589951,0.059243,0.860157,0.0,0.69299,0.95014,244326.530819,349559.974537,24.0,0.543817
77930.13702,0.037165,0.962835,0.131534,0.404149,0.165372,19660.266337,-0.252422,1.302059,0.076552,0.728005,0.0,0.43627,0.782637,377527.265173,463355.610989,60.0,0.247054
54915.936376,0.205669,0.794331,0.569425,0.74823,0.214607,11031.86547,0.188501,1.861146,0.328899,0.589633,1.0,0.950829,0.714631,141929.402987,340307.953813,48.0,0.739572
76141.079303,0.133662,0.866338,0.342484,0.663918,0.306451,30158.964716,-0.1419,2.368083,0.296753,0.826868,0.0,0.914931,0.855752,91790.171845,239290.889341,60.0,0.318114
15708.762949,0.085692,0.914308,0.382041,0.909845,0.306733,5390.998073,-0.233247,2.056318,0.014893,0.605709,0.0,0.92087,0.932533,221670.097799,99556.027712,24.0,0.392628
36027.976032,0.271515,0.728485,0.21658,0.952778,0.125167,2985.395047,-0.199066,2.641381,0.287316,0.964437,0.0,0.579566,0.738375,252676.612763,436765.818622,48.0,0.413909
70480.887819,0.395249,0.604751,0.150978,0.884547,0.234134,2753.992408,-0.137499,1.152036,0.211809,0.806933,0.0,0.757365,0.981352,170968.059972,346331.63791,60.0,0.351743
41685.839828,0.470571,0.529429,0.541802,0.829437,0.148279,10315.009167,0.258639,2.426217,0.028713,0.57711,0.0,0.827006,0.780341,311482.798252,213004.856046,24.0,0.412098
85722.017051,0.222368,0.777632,0.16645,0.456743,0.262223,19098.352172,0.058709,1.206586,0.031367,0.77711,0.0,0.758155,0.870663,353664.180271,85183.058251,60.0,0.258078
21352.46377,0.450568,0.549432,0.735812,0.771774,0.175962,3251.826695,-0.202812,1.602263,0.172593,0.531634,0.0,0.660806,0.652661,224638.646738,112306.971786,48.0,0.602983
69067.458934,0.247901,0.752099,0.39761,0.488068,0.122233,10931.775788,0.289129,1.75978,0.301769,0.720111,0.0,0.65837,0.894121,281352.531845,329645.026007,48.0,0.349332
86045.919151,0.100426,0.899574,0.726974,1.029671,0.216178,23919.311956,0.043705,2.151759,0.084849,0.688028,0.0,0.889897,0.635761,98721.860028,316817.213624,36.0,0.544902
56257.436775,0.476502,0.523498,0.560439,0.684996,0.216139,15590.854769,0.273276,2.591314,0.1432,0.749652,0.0,0.780002,0.545213,283945.409301,380399.284346,60.0,0.446554
89302.546083,0.239617,0.760383,0.429298,0.998255,0.348264,19419.560331,0.253505,1.719059,0.313426,0.768453,0.0,0.782908,0.450989,321444.376293,356192.690724,48.0,0.491845
60950.842673,0.28161,0.71839,0.520383,1.028427,0.229427,19412.381736,-0.225839,1.197213,0.0777,0.873427,0.0,0.734796,0.812599,135150.790301,237130.218478,60.0,0.526517
59144.246741,0.250233,0.749767,0.115966,0.467957,0.257272,22752.268074,-0.218751,2.881352,0.049586,0.655945,0.0,0.6732,0.52412,224194.839585,279988.263108,60.0,0.341977
48933.539494,0.033587,0.966413,0.562006,0.41468,0.233216,2140.601243,0.260035,2.859845,0.259171,0.757997,0.0,0.731146,0.598594,204965.590431,274062.746148,60.0,0.416577
28979.019396,0.328654,0.671346,0.579302,0.974013,0.26836,4979.208046,-0.296885,1.429592,0.097421,0.85188,0.0,0.877605,0.746409,331830.801341,305493.38444,48.0,0.473002
49316.281665,0.131177,0.868823,0.443015,0.815421,0.317,12058.983313,0.110903,1.695849,0.295931,0.808681,0.0,0.888243,0.823593,161131.243798,338083.496599,24.0,0.43937
38488.930865,0.119286,0.880714,0.342649,0.491883,0.248193,9182.316821,0.102364,1.846078,0.170335,0.76869,0.0,0.951497,0.958417,118899.832731,150083.520008,48.0,0.247342
38593.5011,0.2255,0.7745,0.333375,0.406229,0.165056,12584.814921,0.37468,2.010876,0.173239,0.842348,0.0,0.649378,0.903935,226157.834059,114721.66283,24.0,0.36339
31539.712972,0.016348,0.983652,0.287636,0.907481,0.306665,9746.372306,0.046719,2.021612,0.20045,0.633944,0.0,0.725864,0.994536,244294.7489,397850.221824,60.0,0.392777
89233.179591,0.051208,0.948792,0.588375,0.593511,0.449773,16052.418766,-0.055996,2.633457,0.153674,0.996979,0.0,0.865379,0.542168,335638.923725,326928.03673,48.0,0.489106
60769.635196,0.214084,0.785916,0.610152,0.928794,0.385795,13857.283987,0.072597,2.193715,0.058932,0.9895,0.0,0.575581,0.743641,383815.097449,296054.295107,24.0,0.52088
71257.060237,0.205798,0.794202,0.28026,0.826333,0.351471,3782.064134,-0.19763,1.644193,0.086644,0.921778,0.0,0.63562,0.485303,275016.674037,343681.384727,60.0,0.436981
62522.082251,0.440063,0.559937,0.435149,0.580847,0.428991,9230.039321,0.365178,1.654579,0.000866,0.887068,0.0,0.839634,0.838559,215872.747271,358940.404749,48.0,0.434148
74675.844499,0.198858,0.801142,0.636151,0.721565,0.226545,8471.020978,0.083117,1.261189,0.298348,0.894152,0.0,0.936493,0.857352,75620.594724,342995.399305,60.0,0.388696
84707.465651,0.078992,0.921008,0.744695,0.67807,0.448579,30813.432148,0.317503,1.603731,0.306048,0.938298,0.0,0.456004,0.616261,88022.98044,359093.700793,36.0,0.571792
61920.320562,0.362994,0.637006,0.379,0.459279,0.151411,5286.043077,-0.245443,2.187359,0.181805,0.722533,0.0,0.404838,0.606144,101001.887291,441342.923026,36.0,0.434018
32171.015059,0.044666,0.955334,0.167081,0.638915,0.218754,4925.009864,0.269358,2.748995,0.224552,0.838569,0.0,0.441047,0.737975,267508.541353,148928.950912,48.0,0.392755
62106.002876,0.075687,0.924313,0.546268,0.958976,0.148607,2495.794626,0.226712,2.179148,0.134411,0.981624,0.0,0.588702,0.483898,154169.003361,115384.460719,48.0,0.543573
66785.705626,0.423946,0.576054,0.296072,0.736537,0.288142,19978.106104,-0.093121,1.109138,0.314269,0.977336,0.0,0.696933,0.467646,229858.064033,329450.502618,24.0,0.515935
85044.330126,0.065991,0.934009,0.469447,0.637518,0.345371,25946.206583,0.368117,2.540734,0.005841,0.533766,0.0,0.557311,0.423896,80559.41226,411501.799577,48.0,0.488836
52578.672413,0.207716,0.792284,0.153578,0.748767,0.323296,5835.554073,-0.083065,2.022609,0.071119,0.90403,0.0,0.721834,0.634439,275660.0441,430501.117058,24.0,0.335985
47811.453229,0.476714,0.523286,0.258912,1.001008,0.158276,11709.919819,-0.26148,2.332159,0.230318,0.587823,0.0,0.407599,0.482327,63859.205065,288493.43166,48.0,0.537094
73724.032616,0.360383,0.639617,0.182505,0.907731,0.208692,26140.028263,0.240001,1.058713,0.282488,0.63599,0.0,0.438323,0.827394,256061.569403,112369.41314,60.0,0.462136
19157.933313,0.42968,0.57032,0.202251,0.902664,0.415109,5165.901709,-0.219266,2.48156,0.000899,0.929345,0.0,0.407373,0.427589,183752.008753,466495.149009,36.0,0.560844
79311.389831,0.276432,0.723568,0.581433,0.67259,0.226195,13205.555741,0.204202,1.542516,0.02726,0.686404,0.0,0.701225,0.941165,120977.079093,417821.968173,24.0,0.479166
20169.482833,0.232547,0.767453,0.64915,0.612746,0.30252,64.293644,-0.15953,2.127613,0.106368,0.811359,0.0,0.678356,0.755015,227742.629791,404497.570439,36.0,0.496542
55991.943196,0.397987,0.602013,0.706058,0.415542,0.29871,14243.047742,0.185423,1.01919,0.117256,0.879465,0.0,0.625765,0.84285,164553.616757,166181.63662,36.0,0.478208
87088.879567,0.48628,0.51372,0.281886,0.428535,0.196386,29453.60662,-0.01086,2.791156,0.16046,0.87395,0.0,0.748462,0.703257,276653.331211,245627.541478,24.0,0.346224
87316.370605,0.118386,0.881614,0.304756,0.920531,0.351239,25683.337446,-0.07736,1.543912,0.026141,0.601356,0.0,0.867962,0.750825,112839.587449,149037.491894,60.0,0.371696
24055.25528,0.179144,0.820856,0.393746,0.701175,0.401319,870.039018,0.265318,1.60843,0.246647,0.801651,0.0,0.529012,0.913944,110430.091105,378686.10728,48.0,0.441348
18671.296319,0.14942,0.85058,0.213014,1.018863,0.402018,4152.150969,0.085085,1.189451,0.035668,0.896905,0.0,0.472872,0.437002,325526.39778,173361.015729,36.0,0.531323
42917.980786,0.315149,0.684851,0.47851,0.568233,0.388207,374.24793,-0.25487,2.804992,0.155201,0.564396,0.0,0.943047,0.897614,172726.963026,97932.454018,60.0,0.32823
84309.879415,0.216578,0.783422,0.422482,0.648774,0.260799,11936.365181,0.335813,1.549964,0.156104,0.574316,0.0,0.768464,0.770186,280074.656161,289534.476199,60.0,0.352377
35983.199058,0.068618,0.931382,0.675024,0.741779,0.328149,11545.82952,0.256392,2.978807,0.273671,0.679556,0.0,0.726711,0.690808,370310.185643,291005.167328,60.0,0.498143
16954.722583,0.298558,0.701442,0.626948,0.582606,0.386856,3198.91116,-0.049797,2.167978,0.081467,0.579812,1.0,0.548714,0.544692,241454.45196,412319.629082,24.0,0.834206
72303.729279,0.473901,0.526099,0.738732,0.652475,0.428618,28676.871448,-0.178402,1.473102,0.111302,0.869053,0.0,0.61527,0.754937,299173.980193,227706.502363,36.0,0.589472
29117.524868,0.494003,0.505997,0.419947,0.600884,0.281844,1051.228566,-0.137164,1.437618,0.184257,0.500342,0.0,0.950738,0.520879,104366.445511,381113.80573,48.0,0.359771
26078.401424,0.352348,0.647652,0.172098,0.742092,0.240414,756.603336,0.193177,2.324279,0.205106,0.668281,0.0,0.593562,0.985516,308999.688644,263484.72083,60.0,0.376118
28065.200322,0.484371,0.515629,0.703749,0.911545,0.193668,6611.601641,-0.177254,1.613646,0.240974,0.563674,0.0,0.837299,0.969273,382557.374349,244472.599457,24.0,0.492388
38866.26839,0.404403,0.595597,0.51577,0.467672,0.283741,5148.512373,-0.245535,1.69362,0.111832,0.818093,0.0,0.977848,0.892997,287808.354179,386300.097796,48.0,0.349514
34890.933042,0.12477,0.87523,0.266828,0.470222,0.120423,5386.282177,0.212809,2.938204,0.309593,0.746541,0.0,0.627228,0.727614,94485.710277,281385.485167,36.0,0.301966
20528.204217,0.422881,0.577119,0.307166,1.01858,0.144486,1396.781739,-0.037179,2.46397,0.191466,0.949062,0.0,0.455863,0.756418,268639.206765,282749.450325,24.0,0.488322
64022.638145,0.303659,0.696341,0.134811,0.615211,0.441551,10481.270698,0.087879,2.851147,0.189044,0.830299,0.0,0.57844,0.45755,193586.752969,310858.306086,60.0,0.378786
42062.169092,0.213803,0.786197,0.530313,0.79014,0.185893,432.999624,-0.180417,1.583623,0.028678,0.921885,0.0,0.585012,0.63848,226292.916121,357636.822993,24.0,0.487302
44064.533777,0.18551,0.81449,0.221279,0.429001,0.265114,4642.65355,0.285955,2.128493,0.052896,0.848235,0.0,0.458022,0.800885,334781.253517,253874.394206,36.0,0.346147
78059.787482,0.409203,0.590797,0.448084,0.963481,0.276692,27528.685472,0.033384,1.15791,0.315972,0.857153,0.0,0.701261,0.940273,332153.114485,364564.651942,36.0,0.467255
71789.156673,0.086439,0.913561,0.731907,0.925499,0.161641,12157.490791,0.391796,1.870786,0.349044,0.813613,0.0,0.900465,0.554732,369673.525149,463953.053497,24.0,0.485561
56727.315298,0.276027,0.723973,0.437797,0.996155,0.12408,15892.999704,0.111303,2.563371,0.039382,0.574821,0.0,0.739956,0.749606,388042.766001,122085.679088,24.0,0.458125
22574.283212,0.143046,0.856954,0.323515,0.667079,0.246404,4384.69145,0.126274,1.074931,0.096395,0.571926,0.0,0.765193,0.816197,73186.061044,453621.169844,48.0,0.372138
18696.823164,0.237609,0.762391,0.342086,0.619613,0.381905,2325.505614,0.289993,2.71647,0.239698,0.986248,0.0,0.536774,0.580288,312866.038163,405092.978081,48.0,0.43695
46257.954578,0.322777,0.677223,0.237404,0.93558,0.364512,14053.042541,0.307032,2.642035,0.180344,0.579486,0.0,0.586674,0.704077,106120.939146,437544.043215,24.0,0.439436
80638.541709,0.100363,0.899637,0.121496,0.432864,0.238924,6422.368675,-0.042154,1.928437,0.13893,0.961537,0.0,0.808705,0.545163,226187.491283,267363.441695,60.0,0.270545
41231.992623,0.081757,0.918243,0.586825,0.847753,0.214073,6375.549154,-0.185965,2.144516,0.337721,0.928556,0.0,0.788428,0.806617,151488.416951,251993.022528,24.0,0.508549
87535.37668,0.3411,0.6589,0.186004,0.51258,0.384285,7835.117607,0.125841,2.88601,0.249459,0.854684,0.0,0.565227,0.93729,349539.298851,272779.167934,36.0,0.359135
65789.711729,0.412155,0.587845,0.166503,0.732484,0.338577,22191.763193,-0.038039,2.294684,0.213168,0.649238,0.0,0.464863,0.438302,396042.728379,349049.793158,48.0,0.451294
68332.033168,0.446187,0.553813,0.197454,0.897558,0.416897,22014.662942,0.261655,2.200067,0.231186,0.840378,0.0,0.83277,0.79324,399139.493857,188959.034539,60.0,0.411759
70254.907181,0.291512,0.708488,0.63041,0.623059,0.355412,19286.886072,0.14682,1.95147,0.329234,0.679249,0.0,0.580117,0.501992,283588.992789,314464.178652,48.0,0.523924
24595.810477,0.129326,0.870674,0.595897,0.518994,0.344305,3302.060982,-0.23749,1.710567,0.260473,0.653543,0.0,0.872854,0.59879,148590.140038,203501.471093,24.0,0.43213
79979.502727,0.291787,0.708213,0.14629,0.978127,0.285158,27752.815615,-0.032832,1.596712,0.018922,0.92712,0.0,0.482419,0.520178,199125.227896,319149.506949,60.0,0.426965
79679.54575,0.090178,0.909822,0.316209,1.041316,0.223427,1848.998543,0.016437,1.418765,0.27074,0.788139,0.0,0.495061,0.871127,325115.835145,134350.502179,60.0,0.48029
45254.51103,0.482664,0.517336,0.124521,0.529619,0.243123,254.82125,-0.074451,2.666457,0.066702,0.838374,0.0,0.776012,0.549294,295798.414038,224626.905107,36.0,0.274514
52750.235901,0.153058,0.846942,0.129717,1.016501,0.270456,10978.134593,0.066882,1.86733,0.240373,0.566895,0.0,0.997683,0.694107,315039.297969,149251.073734,60.0,0.295168
31824.102249,0.49244,0.50756,0.114244,0.728012,0.160643,9052.176087,0.254489,1.750385,0.224112,0.885625,0.0,0.773881,0.756354,76306.527742,125407.649089,24.0,0.299701
23684.236975,0.222157,0.777843,0.26428,0.856214,0.187813,6496.491736,-0.293487,1.841743,0.035343,0.760155,0.0,0.773679,0.820436,202400.755602,457421.208501,24.0,0.342531
73857.004963,0.24887,0.75113,0.605673,0.940474,0.44113,10574.013943,-0.013171,1.320747,0.191849,0.955178,0.0,0.812922,0.688398,139731.79043,85354.748533,24.0,0.577651
77642.412395,0.334511,0.665489,0.158554,0.732608,0.358776,3145.774844,-0.120876,1.462321,0.346033,0.648011,0.0,0.678566,0.459885,119398.615041,96566.698387,48.0,0.407652
65757.489901,0.212998,0.787002,0.65331,0.97869,0.123192,3640.188467,0.153039,1.657322,0.313085,0.977545,0.0,0.560986,0.839841,186691.532113,223943.543559,24.0,0.539909
87173.244761,0.135917,0.864083,0.652937,0.919934,0.334119,27787.676747,-0.22086,2.39234,0.020526,0.971233,0.0,0.495637,0.649617,260855.103017,416951.209299,60.0,0.547206
43481.308434,0.179299,0.820701,0.544902,0.945049,0.441237,2272.425873,0.344279,1.225875,0.143949,0.522986,1.0,0.556968,0.588543,299553.180003,364730.146828,36.0,0.864455
88342.166816,0.334922,0.665078,0.440017,0.855377,0.15143,23382.87338,-0.125996,1.691499,0.236703,0.692438,0.0,0.90342,0.735007,395849.152419,102917.768396,36.0,0.425456
50196.670248,0.247917,0.752083,0.58843,0.608412,0.229195,5585.024698,0.054851,2.100991,0.132523,0.908552,0.0,0.447298,0.666513,254831.8764,116968.341915,60.0,0.502625
23903.013904,0.248687,0.751313,0.166718,0.66802,0.303853,1.622685,-0.236373,2.208407,0.216673,0.652299,0.0,0.705003,0.524111,288301.286065,479149.154597,48.0,0.401496
76244.151493,0.422159,0.577841,0.598821,0.789968,0.356497,11079.633796,0.016773,1.194874,0.230619,0.501098,0.0,0.613083,0.780197,331970.323319,310030.044312,48.0,0.567432
18433.358239,0.082078,0.917922,0.565956,0.869013,0.155297,4504.019774,-0.16872,2.860433,0.137514,0.728523,0.0,0.868852,0.830073,96640.354078,254077.544954,24.0,0.454117
48787.844772,0.329228,0.670772,0.187513,0.724239,0.29502,947.881582,0.354716,2.677632,0.169026,0.754166,0.0,0.952697,0.506321,256708.491139,386807.757932,36.0,0.300851
64314.135835,0.30308,0.69692,0.672904,0.672132,0.320968,17815.415284,-0.126233,1.79574,0.120001,0.647087,0.0,0.882878,0.482908,264858.31289,452303.479272,48.0,0.5366
56085.447852,0.156955,0.843045,0.459828,0.541273,0.189205,16026.630648,0.180628,2.842384,0.046435,0.855198,0.0,0.985108,0.506688,244447.102666,347488.522644,24.0,0.376772
57171.015859,0.291403,0.708597,0.56158,0.838258,0.414976,12209.506263,0.314234,1.844773,0.00447,0.553235,0.0,0.628522,0.431839,79245.62326,192130.873167,36.0,0.601337
66254.27465,0.073214,0.926786,0.609832,0.532601,0.298587,9505.697886,0.016816,2.232218,0.236434,0.780942,0.0,0.534584,0.788272,192221.465117,294587.367545,48.0,0.495294
18523.491096,0.190791,0.809209,0.612272,0.845347,0.438725,398.641772,0.220569,1.406174,0.304097,0.930222,0.0,0.665838,0.535329,275488.087979,378009.090364,48.0,0.591028
55996.135253,0.301693,0.698307,0.726788,0.591216,0.178551,15290.502957,-0.169116,1.34759,0.179846,0.688599,0.0,0.657105,0.733959,104222.620239,325274.144227,48.0,0.458793
49974.850366,0.468747,0.531253,0.703608,0.787972,0.375308,12501.042154,0.290198,1.60231,0.276468,0.77508,1.0,0.443728,0.824609,238634.322843,481934.841404,24.0,0.925036
73969.36795,0.079685,0.920315,0.362221,0.627112,0.411521,19626.572785,-0.068253,1.587149,0.332608,0.80914,0.0,0.684914,0.736801,315725.47729,352706.047622,24.0,0.444002
48425.043471,0.452248,0.547752,0.503736,1.023283,0.345242,6216.555474,0.341153,2.889975,0.135057,0.770119,0.0,0.569697,0.946802,339517.081842,237482.377708,60.0,0.542308
37232.547718,0.325764,0.674236,0.153525,0.462372,0.440637,11517.047453,0.073244,2.253866,0.073774,0.814757,0.0,0.527905,0.811243,344126.126433,166343.418552,60.0,0.378751
85481.333363,0.373445,0.626555,0.398496,0.615615,0.148882,1855.562824,0.25595,2.116168,0.201237,0.613823,0.0,0.555189,0.63282,274273.869973,261870.514548,24.0,0.425876
23872.932122,0.002949,0.997051,0.141104,0.884868,0.135021,8100.0977,-0.04961,2.005674,0.101443,0.842939,0.0,0.76394,0.56891,375074.899113,240193.701282,24.0,0.336985
55010.082286,0.068191,0.931809,0.618365,0.754721,0.436844,3170.242868,0.174102,2.828338,0.278256,0.864662,0.0,0.623878,0.969679,248198.22384,313129.293169,24.0,0.456846
57953.894621,0.197041,0.802959,0.155332,0.536534,0.364672,16828.358597,-0.151784,2.811256,0.298011,0.571228,0.0,0.510396,0.770131,145932.204471,128141.467692,24.0,0.417947
84927.739905,0.497157,0.502843,0.457282,0.588924,0.14223,3336.043201,0.207912,1.974381,0.115798,0.564108,0.0,0.793284,0.460027,270635.364232,458049.808154,48.0,0.421712
39625.955866,0.329711,0.670289,0.199057,0.76846,0.386541,15195.110453,-0.181952,1.62643,0.274981,0.8561,0.0,0.784503,0.566008,182225.239915,365423.675536,48.0,0.459951
49713.628206,0.179371,0.820629,0.458587,0.514251,0.320187,16739.433599,0.3011,1.280003,0.188516,0.631617,0.0,0.931801,0.445877,85635.98531,87824.723846,24.0,0.43211
58417.559045,0.3846,0.6154,0.123827,0.569401,0.415015,12610.647935,0.157736,1.297266,0.137374,0.945719,0.0,0.75376,0.914298,105519.628212,290471.731978,24.0,0.31238
52662.545225,0.331339,0.668661,0.624251,0.799123,0.174728,10830.298476,0.012354,1.35829,0.332049,0.829707,0.0,0.980641,0.841552,224391.161347,230694.126315,36.0,0.479812
32381.24307,0.132179,0.867821,0.534581,0.736625,0.381182,5026.774931,0.342531,2.763104,0.013967,0.824262,0.0,0.461935,0.981065,275412.773803,194868.032416,48.0,0.48989
57762.011387,0.18833,0.81167,0.481991,0.983847,0.145686,5812.854837,0.380872,1.445799,0.142045,0.908618,0.0,0.607019,0.875594,361638.460796,82771.028361,36.0,0.466639
32249.307452,0.257271,0.742729,0.197656,0.502282,0.318667,10538.494162,0.162777,1.829227,0.115579,0.556669,0.0,0.805138,0.687413,260868.905595,351848.878339,60.0,0.273608
18235.82485,0.286743,0.713257,0.509201,0.425474,0.308849,407.840606,-0.119218,1.360075,0.335383,0.799679,0.0,0.738163,0.411172,304646.081831,357932.926304,48.0,0.49498
31244.506342,0.303263,0.696737,0.413084,0.542586,0.255553,1783.588109,0.107852,2.53498,0.218124,0.755402,0.0,0.500633,0.811355,373599.661247,330544.012249,24.0,0.406636
43909.641206,0.054285,0.945715,0.658735,0.727834,0.258532,2626.87134,-0.232591,1.951738,0.215162,0.519518,0.0,0.870321,0.701998,99955.578235,282541.192747,36.0,0.493281
55446.448975,0.0006,0.9994,0.541064,0.680473,0.258826,19402.360381,0.18835,1.857913,0.328448,0.741062,0.0,0.861203,0.610311,333571.153224,461300.728171,24.0,0.433307
34088.852113,0.382929,0.617071,0.154481,0.78889,0.299431,3515.310285,-0.296171,2.487291,0.00249,0.76127,0.0,0.711857,0.625018,129842.356696,417800.604199,60.0,0.358311
26608.393542,0.325788,0.674212,0.655735,0.675315,0.240663,2932.889348,0.176424,2.509944,0.14463,0.891894,0.0,0.689481,0.622128,248669.861141,186586.611086,48.0,0.514586
73064.586318,0.199065,0.800935,0.66149,0.477406,0.195825,22887.02166,0.364472,1.200557,0.17792,0.893041,0.0,0.880512,0.768415,292751.911881,101862.174776,60.0,0.460627
15396.79751,0.045544,0.954456,0.70181,0.682995,0.141147,1365.82062,-0.243972,1.075511,0.134514,0.992224,0.0,0.768379,0.712603,301945.982781,330938.476802,36.0,0.466188
47922.903641,0.100854,0.899146,0.622541,0.585904,0.131091,11492.198161,0.06107,1.463342,0.059319,0.518031,0.0,0.543554,0.400172,113531.218689,498663.200407,60.0,0.476481
44635.733779,0.29304,0.70696,0.579002,0.444601,0.149755,5079.435576,0.280835,2.830018,0.121833,0.981644,0.0,0.565905,0.763818,126138.565649,470479.813141,24.0,0.409917
45535.096958,0.053232,0.946768,0.291264,1.01556,0.384971,17425.541198,0.313279,2.626295,0.201213,0.847096,0.0,0.979633,0.737901,321788.84553,398138.77972,60.0,0.420947
82239.286706,0.431012,0.568988,0.267583,0.648738,0.380256,7249.634017,0.190823,2.600323,0.144349,0.676548,0.0,0.721391,0.820491,149538.895074,200661.624812,60.0,0.407072
76580.601712,0.038014,0.961986,0.409761,0.6298,0.415124,8242.394131,0.362983,2.366215,0.318475,0.7495,0.0,0.5198,0.841257,356732.449459,166847.025575,36.0,0.485
77725.103247,0.178014,0.821986,0.177921,0.451017,0.435407,15316.970946,-0.295363,2.714179,0.335298,0.924005,0.0,0.622718,0.58925,365361.208134,450014.64439,48.0,0.376667
88829.601201,0.458003,0.541997,0.24436,0.774832,0.137869,28399.531219,0.034824,2.081536,0.175866,0.696858,0.0,0.811803,0.50488,392012.446381,373262.7186,60.0,0.381547
15631.395361,0.337052,0.662948,0.165486,0.635042,0.404408,1170.181525,-0.116006,1.538816,0.335484,0.671548,0.0,0.510348,0.654366,202491.600798,395922.22062,48.0,0.463538
35972.214891,0.089945,0.910055,0.47433,0.548568,0.152957,3884.266913,-0.134936,1.864438,0.133309,0.572922,0.0,0.975489,0.489729,333927.24293,154175.056197,60.0,0.311086
81995.280711,0.315326,0.684674,0.305223,0.716303,0.202821,28157.244417,-0.266603,1.19795,0.05717,0.607734,0.0,0.552574,0.903383,92742.641516,392729.152594,48.0,0.390587
57026.252611,0.465922,0.534078,0.112893,0.478804,0.406232,21969.171319,-0.160729,2.151789,0.227196,0.587269,0.0,0.868185,0.613065,288885.56565,284747.372608,60.0,0.373581
43580.324881,0.143262,0.856738,0.194151,0.508924,0.386547,5881.396864,0.141891,2.143275,0.297115,0.535672,0.0,0.4972,0.536931,167738.602176,202369.668174,48.0,0.416025
44659.149389,0.443846,0.556154,0.7102,0.886132,0.291909,8043.803351,-0.182877,2.708424,0.043764,0.617314,0.0,0.550988,0.846325,314911.510551,168440.026418,60.0,0.539588
19784.429969,0.439345,0.560655,0.117137,0.658058,0.372449,658.831026,-0.116283,1.310549,0.229191,0.942736,0.0,0.585622,0.548438,156619.59522,343121.887543,36.0,0.408684
27795.598821,0.017577,0.982423,0.694927,0.961757,0.274174,9682.855606,0.3544,2.097091,0.04729,0.974243,0.0,0.723573,0.754499,215224.762965,394542.87266,60.0,0.528807
62964.618653,0.154831,0.845169,0.450784,0.92306,0.265814,9212.56295,-0.118135,1.607146,3.2e-05,0.90769,0.0,0.908768,0.606331,219527.304783,83493.18645,60.0,0.466369
50780.030284,0.004566,0.995434,0.2904,0.55029,0.122382,7589.458946,-0.011785,2.121109,0.138163,0.581635,0.0,0.842271,0.633834,188641.740493,190451.715687,60.0,0.30697
53745.754639,0.39998,0.60002,0.551051,0.576712,0.333991,11435.898401,-0.111825,1.376001,0.023962,0.568312,0.0,0.466214,0.673206,213940.859083,374198.491138,60.0,0.480471
16454.654794,0.024816,0.975184,0.220859,0.466478,0.208834,4707.320936,0.208975,1.465621,0.052739,0.74679,0.0,0.605148,0.586946,331817.199658,499144.64739,60.0,0.343578
17380.284106,0.040112,0.959888,0.194957,0.573227,0.249499,3776.33217,-0.172877,2.791398,0.087528,0.690789,0.0,0.407569,0.984759,302992.057239,241615.117668,60.0,0.317447
89590.155687,0.09959,0.90041,0.161074,0.832905,0.188788,13944.634648,0.37285,2.87243,0.055514,0.864119,0.0,0.846835,0.729748,101528.114126,282116.429122,48.0,0.277387
81563.968203,0.431829,0.568171,0.173403,0.811391,0.227089,5460.229915,-0.10673,1.239299,0.2762,0.504465,0.0,0.425196,0.870085,221592.030779,330409.159251,48.0,0.461317
33654.16923,0.24996,0.75004,0.319974,1.030274,0.370655,808.404587,-0.051138,1.307837,0.187724,0.553696,0.0,0.692706,0.590044,249839.15037,350751.311465,48.0,0.515016
47903.917357,0.096483,0.903517,0.332809,0.487576,0.416559,9299.149312,0.00625,1.589429,0.243963,0.594888,0.0,0.511976,0.608599,309016.819442,195636.2744,36.0,0.387473
26626.910856,0.147836,0.852164,0.338623,0.400468,0.330549,4037.103736,-0.170126,1.03744,0.29989,0.888008,0.0,0.543272,0.832602,283818.401909,306361.739069,60.0,0.352679
66241.813692,0.382867,0.617133,0.284034,0.666373,0.226268,2550.476684,0.161224,1.087555,0.32823,0.589319,0.0,0.418764,0.464233,125149.657678,93363.202958,60.0,0.497748
54436.602196,0.350657,0.649343,0.33813,0.79387,0.143388,20255.011268,-0.153883,1.982811,0.311419,0.539978,0.0,0.880612,0.43642,249726.76242,474062.420234,60.0,0.463094
74568.718285,0.02915,0.97085,0.443864,0.877295,0.395371,2324.616405,-0.14887,2.038971,0.035429,0.615509,0.0,0.631199,0.515872,283338.014667,319411.620964,36.0,0.48641
56860.620537,0.373054,0.626946,0.474766,0.83842,0.351842,9713.499586,-0.227128,2.584923,0.192488,0.752346,0.0,0.794519,0.72034,263971.348633,472078.387201,48.0,0.485288
89763.773563,0.422427,0.577573,0.511607,0.937001,0.226739,8643.266008,0.081938,1.750126,0.192584,0.872289,0.0,0.616005,0.671442,386340.306513,80082.163699,24.0,0.580419
59682.211997,0.258805,0.741195,0.296197,0.595217,0.193223,20428.515138,-0.284809,2.64388,0.241402,0.637979,0.0,0.732198,0.733794,374813.633072,144980.210212,24.0,0.368335
26708.032976,0.132494,0.867506,0.262407,0.566558,0.2191,6094.635947,0.098345,1.434875,0.027021,0.662346,0.0,0.68952,0.692966,365668.192912,375196.115837,24.0,0.343251
37529.494038,0.365395,0.634605,0.15101,0.43635,0.374397,5223.057851,0.271999,1.833043,0.303741,0.934893,0.0,0.536031,0.791668,264782.555668,84802.440004,60.0,0.322918
54328.751364,0.159658,0.840342,0.312441,0.85355,0.170555,14639.104637,0.398157,2.94208,0.263494,0.787627,0.0,0.45405,0.659161,327365.221486,142165.208277,48.0,0.430271
57858.044288,0.024656,0.975344,0.155301,0.726185,0.375362,3017.301057,-0.20559,2.118592,0.170751,0.826124,0.0,0.51766,0.769598,310127.036409,183423.253013,24.0,0.35189
47254.929835,0.342369,0.657631,0.173144,0.668828,0.240538,3600.631749,-0.058833,2.31082,0.269388,0.584628,0.0,0.60983,0.89295,332950.648296,341736.505637,60.0,0.316625
76362.89401,0.099843,0.900157,0.592527,0.954297,0.157083,1665.872214,0.364259,2.853459,0.304063,0.910067,0.0,0.40824,0.816277,97834.517388,269025.859668,24.0,0.534487
70500.973875,0.105938,0.894062,0.587731,0.75672,0.325604,27983.306568,0.18655,2.336521,0.131812,0.95302,0.0,0.716079,0.553274,80437.416856,164292.34394,48.0,0.461756
64106.840386,0.004167,0.995833,0.276352,0.953854,0.337833,22162.562304,-0.286645,2.734821,0.227294,0.615584,0.0,0.628421,0.985967,93865.262026,212491.50711,24.0,0.390067
52548.811715,0.228993,0.771007,0.113967,0.560805,0.294707,7011.47517,-0.02462,1.314011,0.121373,0.675957,0.0,0.775139,0.541723,392603.050863,290525.613694,24.0,0.324428
80900.795564,0.445201,0.554799,0.119153,0.760711,0.212464,4909.325007,0.328023,2.313864,0.030728,0.691104,0.0,0.976363,0.767469,272678.364168,175519.75053,36.0,0.290441
46984.874776,0.156191,0.843809,0.39196,0.485652,0.335316,10919.861885,0.178834,1.40462,0.048338,0.844266,0.0,0.939186,0.945738,206221.861381,461780.880018,36.0,0.320589
57363.321549,0.079024,0.920976,0.446425,0.867636,0.180765,19263.119872,-0.198134,1.058967,0.111541,0.986448,0.0,0.976718,0.582009,313507.308196,425113.376644,48.0,0.364715
29095.020168,0.065773,0.934227,0.740871,0.801015,0.319849,7126.674145,0.117452,1.461825,0.00913,0.539738,1.0,0.867896,0.480452,347687.000227,276880.669289,48.0,0.812535
28798.235833,0.19373,0.80627,0.206461,0.547077,0.254834,11160.066072,0.347805,2.900396,0.077894,0.83567,0.0,0.5217,0.522737,120206.58862,480973.609045,60.0,0.425275
51745.717388,0.162448,0.837552,0.260409,0.663163,0.133803,15220.108188,-0.033738,1.625795,0.214027,0.871234,0.0,0.756283,0.715138,357766.210432,410506.342174,24.0,0.342307
77025.757624,0.021208,0.978792,0.437157,0.657147,0.362606,17182.935275,0.061289,2.261297,0.017253,0.64559,0.0,0.638824,0.582732,341391.142586,273765.808865,60.0,0.412229
83927.461498,0.344976,0.655024,0.401326,0.819966,0.149845,16807.574966,-0.17416,2.170895,0.313015,0.773204,0.0,0.63584,0.594077,68470.11835,270545.909017,36.0,0.51796
21763.474597,0.162037,0.837963,0.562455,0.506596,0.361977,793.855298,0.194359,2.268145,0.029857,0.85364,0.0,0.836124,0.985115,268104.661725,147157.861285,60.0,0.323888
27816.373582,0.167597,0.832403,0.660737,0.505381,0.16772,8558.061119,-0.264083,1.616124,0.255557,0.980483,0.0,0.573268,0.508418,365504.250562,483382.229397,24.0,0.518807
33983.323134,0.229321,0.770679,0.453276,0.403738,0.411292,3233.558788,0.112204,1.951424,0.143553,0.539702,0.0,0.760061,0.546828,246096.147258,340301.736325,36.0,0.360591
26119.212613,0.326638,0.673362,0.654989,0.833548,0.396545,3118.023284,0.344269,1.098063,0.145935,0.589124,1.0,0.803254,0.766654,295114.630147,329886.974248,36.0,0.821927
87471.994789,0.374667,0.625333,0.123296,0.899533,0.226531,31403.487964,0.274185,2.516884,0.295158,0.532463,0.0,0.68249,0.473214,352198.699961,218267.581324,60.0,0.436463
67187.212301,0.306027,0.693973,0.574324,0.808836,0.445772,12998.387014,0.182058,2.867783,0.345197,0.643594,0.0,0.765307,0.589893,238633.016613,497910.220934,48.0,0.590209
61071.748564,0.248198,0.751802,0.423532,0.925187,0.411609,5685.086981,-0.096658,1.387111,0.041372,0.732443,0.0,0.87804,0.842481,130492.48436,338429.357555,60.0,0.420494
40034.41927,0.280208,0.719792,0.107343,0.530772,0.212937,12654.007226,-0.084559,2.013379,0.113373,0.503066,0.0,0.811501,0.604817,306294.858556,338717.204059,24.0,0.325267
29551.168492,0.416913,0.583087,0.41142,0.708425,0.131734,1604.674501,-0.19123,1.921236,0.302829,0.947964,0.0,0.677482,0.8885,375448.5921,103529.359778,48.0,0.42754
65864.821849,0.277589,0.722411,0.475308,0.615618,0.422342,20965.636932,-0.253651,1.29861,0.294259,0.669576,1.0,0.625144,0.720564,116429.625855,334389.417347,36.0,0.79277
59639.390027,0.432297,0.567703,0.558423,0.604425,0.130437,9873.171431,0.047938,1.475284,0.158167,0.975363,0.0,0.529684,0.581391,98158.632571,409676.47296,36.0,0.540472
48283.056974,0.012467,0.987533,0.425035,0.523638,0.4248,14145.797503,0.06654,2.551066,0.050153,0.935899,0.0,0.893283,0.962814,290083.878171,135741.205709,24.0,0.327395
68525.80428,0.261172,0.738828,0.706019,0.846584,0.316115,2386.778202,0.026813,1.09228,0.182202,0.829492,1.0,0.587488,0.746536,166128.585467,454696.94546,48.0,0.865536
30041.663419,0.143284,0.856716,0.602312,0.836231,0.209976,1892.576906,-0.219878,2.916596,0.195869,0.551188,0.0,0.725517,0.729619,152157.714278,476176.683872,48.0,0.489119
27845.62316,0.155689,0.844311,0.451375,0.432972,0.129568,10061.095995,-0.264681,1.767199,0.030142,0.695958,0.0,0.822807,0.934766,274020.034554,369852.456702,60.0,0.323025
38433.048836,0.408721,0.591279,0.536066,0.746765,0.441315,11618.20206,0.025987,1.263591,0.284498,0.959845,0.0,0.680966,0.673351,292722.511434,378290.678873,60.0,0.539398
86058.620265,0.071861,0.928139,0.267734,0.636242,0.180507,31575.404222,-0.06877,2.721583,0.113666,0.743753,0.0,0.439219,0.467732,222741.709179,435221.830247,48.0,0.450995
60333.017357,0.063697,0.936303,0.631409,0.917893,0.227537,15673.345344,0.254702,2.065491,0.140286,0.706721,0.0,0.772525,0.728769,391123.188615,241202.912686,48.0,0.465603
67054.489548,0.215574,0.784426,0.468687,0.622431,0.349064,4642.462762,0.168724,2.478734,0.249168,0.918374,0.0,0.468594,0.757645,170628.552055,121014.64186,60.0,0.453073
86691.258478,0.034804,0.965196,0.629143,0.901373,0.245041,17140.427355,0.162115,1.181066,0.285962,0.943631,0.0,0.941954,0.78168,60062.675755,141624.648702,36.0,0.458447
36862.744013,0.307786,0.692214,0.23368,0.970326,0.218913,11712.71903,0.175691,2.837003,0.327837,0.858896,0.0,0.949071,0.994174,258127.172461,336826.117592,60.0,0.402581
78937.888459,0.031205,0.968795,0.729135,0.400548,0.30481,30902.485528,-0.223211,1.564418,0.010915,0.715858,0.0,0.754098,0.775129,302003.041581,250533.714892,60.0,0.436526
64686.567023,0.237436,0.762564,0.349987,1.000913,0.397188,3991.608581,0.398219,2.340132,0.046997,0.535873,0.0,0.409425,0.832804,225478.454558,263428.748619,36.0,0.469568
63168.217469,0.207928,0.792072,0.612803,0.792879,0.260482,4542.991927,0.05659,2.1041,0.157516,0.677654,0.0,0.511475,0.762744,256499.090265,435657.632403,36.0,0.548416
35193.78361,0.463282,0.536718,0.12175,0.424612,0.279478,5188.670179,0.106188,2.923475,0.028022,0.865093,0.0,0.715845,0.91561,315197.951084,197356.556172,24.0,0.278985
60755.295691,0.122616,0.877384,0.531429,0.834666,0.345744,13103.634431,0.10574,2.226078,0.316255,0.767517,0.0,0.40647,0.672421,368058.727678,321065.426679,48.0,0.559767
87043.597686,0.399112,0.600888,0.122962,0.999862,0.36731,25311.293364,0.094594,1.122836,0.165606,0.58454,0.0,0.430972,0.994219,335024.565091,342213.142302,48.0,0.455831
24511.600159,0.038431,0.961569,0.263833,0.800269,0.210822,2519.358353,0.219,2.207643,0.318546,0.869484,0.0,0.795493,0.62186,119635.784096,408661.636221,36.0,0.372866
74952.900481,0.431007,0.568993,0.154861,0.494296,0.428201,4621.604794,0.047164,2.987171,0.269629,0.618974,0.0,0.664111,0.782545,131691.294137,388431.666595,48.0,0.317164
34829.662194,0.409766,0.590234,0.40161,0.709551,0.277168,13210.915593,0.345721,1.467323,0.239228,0.695035,0.0,0.557575,0.718265,207809.672088,201292.733322,60.0,0.478501
38676.646852,0.265127,0.734873,0.163287,0.745341,0.236763,13060.93784,0.12734,2.304132,0.095407,0.635163,0.0,0.88139,0.553206,258620.123513,273665.609246,36.0,0.363433
59154.321833,0.097463,0.902537,0.548681,0.516946,0.300712,15919.655096,0.282183,1.023923,0.034195,0.551954,0.0,0.667565,0.53165,156320.986492,161093.403207,24.0,0.454645
19266.14337,0.297069,0.702931,0.240936,0.7896,0.160191,7381.208918,-0.23953,2.209372,0.131585,0.881929,0.0,0.788744,0.88192,122821.329569,126554.93641,36.0,0.329852
50021.668297,0.468091,0.531909,0.699752,0.579649,0.260905,18075.659839,0.238916,1.646808,0.056688,0.536999,0.0,0.866264,0.629679,173102.610548,105224.632088,48.0,0.455516
20204.8861,0.489711,0.510289,0.355212,0.819564,0.155782,4369.36446,0.001878,2.227933,0.037187,0.720791,0.0,0.555398,0.420917,83940.191226,385568.963626,60.0,0.43966
52327.603334,0.326433,0.673567,0.124593,0.653814,0.17003,6903.703559,-0.026069,1.007408,0.247662,0.885495,1.0,0.686884,0.642348,307440.923195,421155.774667,24.0,0.642964
55509.653776,0.001654,0.998346,0.631685,0.713343,0.30719,20761.547238,-0.048757,2.363671,0.140215,0.816136,0.0,0.975294,0.4544,241772.94083,483588.71924,24.0,0.490493
72033.981066,0.144979,0.855021,0.460409,1.028883,0.338042,8611.528314,-0.026927,1.213536,0.241095,0.743252,0.0,0.931128,0.66279,124417.928514,94993.281224,24.0,0.488082
59470.907136,0.244616,0.755384,0.451359,0.600025,0.2962,19845.448664,0.014515,2.991667,0.012965,0.528027,0.0,0.872667,0.425689,100183.616966,418983.556439,60.0,0.457192
80265.002218,0.268281,0.731719,0.251441,0.446822,0.362702,15696.4541,-0.286656,2.814358,0.21643,0.621341,0.0,0.789272,0.408619,275104.894616,459958.18726,24.0,0.365417
27801.704091,0.295521,0.704479,0.169115,0.723143,0.383728,2452.91682,0.263117,1.852423,0.284032,0.991096,0.0,0.807039,0.594541,391790.111606,321906.14439,36.0,0.362124
87351.929244,0.106616,0.893384,0.212741,0.441094,0.210385,26469.384611,-0.182364,1.739855,0.057752,0.621822,0.0,0.749191,0.480023,328957.780511,345521.737465,60.0,0.33629
16172.27447,0.243484,0.756516,0.216618,0.457942,0.335079,5737.374043,-0.008644,2.614824,0.270397,0.846179,1.0,0.523696,0.783895,237849.533805,253053.15629,36.0,0.683675
60790.349147,0.018811,0.981189,0.424927,1.017694,0.326973,19029.39826,-0.056503,1.00914,0.082474,0.558754,0.0,0.718119,0.45741,183046.443562,399673.860479,36.0,0.492546
61984.818387,0.104054,0.895946,0.173241,0.496991,0.398448,22599.277297,0.04826,1.319519,0.322936,0.527014,0.0,0.618516,0.525754,145469.805104,339064.127193,60.0,0.34018
70531.266361,0.462431,0.537569,0.61057,0.71529,0.158301,25252.42708,0.204982,2.185413,0.11409,0.599376,0.0,0.806112,0.595411,324851.594846,216975.534377,24.0,0.46417
45944.659302,0.099978,0.900022,0.147794,0.78031,0.137932,8010.268684,-0.148684,2.218867,0.062321,0.686743,0.0,0.674644,0.516493,181920.663056,193271.703012,48.0,0.306574
66915.789713,0.029826,0.970174,0.653573,0.698076,0.176496,9196.263967,0.320486,2.207272,0.276341,0.819,0.0,0.766917,0.501961,389846.18625,439101.689134,24.0,0.473279
54132.658666,0.4311,0.5689,0.407768,0.700796,0.124786,9269.900938,0.310819,1.495663,0.151987,0.611203,0.0,0.956488,0.967751,370676.605069,457265.753613,60.0,0.394008
18004.400986,0.235326,0.764674,0.121853,0.745229,0.278159,5747.13093,0.274904,1.904883,0.084179,0.779243,0.0,0.407454,0.839072,382977.524505,135739.040751,48.0,0.36884
89921.374446,0.007965,0.992035,0.205172,0.698534,0.308226,20993.407757,0.383495,1.927521,0.048518,0.851567,0.0,0.510967,0.922931,273115.725203,375638.866469,24.0,0.392395
20302.394397,0.446717,0.553283,0.121264,0.676836,0.20903,7683.201539,0.079705,2.588958,0.275692,0.54048,0.0,0.928508,0.841456,78635.969572,477035.336511,48.0,0.349678
23322.490779,0.182795,0.817205,0.337621,0.513924,0.304401,625.097926,0.196536,1.409425,0.343438,0.619316,0.0,0.468135,0.687096,379310.29704,323650.141849,36.0,0.456397
72066.442757,0.160232,0.839768,0.427318,0.674904,0.137972,10746.945137,0.016687,2.0029,0.290346,0.735082,0.0,0.719143,0.895227,365813.407446,269830.920702,48.0,0.419527
85902.399175,0.404398,0.595602,0.142658,0.979737,0.271098,2754.731996,0.328562,1.576745,0.334819,0.554682,0.0,0.565566,0.818249,228751.769894,447497.118606,24.0,0.419719
87718.095416,0.270717,0.729283,0.325355,0.688509,0.332746,10228.519292,-0.255935,2.743587,0.081315,0.973724,0.0,0.786803,0.647015,176549.442731,351341.515112,48.0,0.389036
64939.150939,0.265083,0.734917,0.397705,0.768714,0.416433,7961.410148,0.252487,1.453564,0.130166,0.644073,0.0,0.907308,0.489003,156689.89148,481609.819307,36.0,0.456619
36393.493665,0.486603,0.513397,0.550359,0.833131,0.17065,3463.282366,-0.271194,1.633252,0.044266,0.630204,0.0,0.510698,0.737492,71794.290142,213116.3811,48.0,0.487419
48632.182259,0.487733,0.512267,0.178969,0.416201,0.427253,14949.886204,0.363452,2.855623,0.054619,0.985075,0.0,0.727687,0.704445,280062.943696,204133.885049,48.0,0.393279
71562.124182,0.497033,0.502967,0.619725,0.873553,0.424356,9694.790892,-0.221379,1.957962,0.014028,0.839004,0.0,0.470126,0.414877,269957.477494,172553.214932,48.0,0.588425
19127.522712,0.320656,0.679344,0.244394,1.008182,0.211716,172.519898,0.076889,1.890916,0.235045,0.543688,0.0,0.707073,0.51667,168037.656136,334132.685176,24.0,0.490333
42079.865186,0.073973,0.926027,0.340259,0.64234,0.213935,5913.988976,0.384267,2.748603,0.03066,0.863927,0.0,0.666532,0.995558,333253.071535,201226.287699,60.0,0.357278
46064.534079,0.417756,0.582244,0.193366,0.5971,0.446166,9679.099185,-0.065208,2.866306,0.206738,0.687886,0.0,0.403971,0.783284,152931.811966,153455.064546,60.0,0.46727
71643.281084,0.068464,0.931536,0.34815,0.760014,0.133937,23678.055833,0.28421,1.607829,0.195748,0.731726,0.0,0.416104,0.401468,149310.188011,481531.170376,60.0,0.443334
64943.509638,0.143845,0.856155,0.689416,0.819111,0.129386,19865.397564,0.045135,2.941251,0.209612,0.68088,0.0,0.688292,0.661641,147689.922851,368083.391189,24.0,0.50781
69971.795292,0.008773,0.991227,0.478075,0.494989,0.272145,19404.103716,-0.04983,1.105777,0.126407,0.818124,0.0,0.973094,0.429229,159165.793211,348357.540617,24.0,0.364571
72483.182826,0.091624,0.908376,0.589209,0.753413,0.407906,23972.275978,0.179477,1.602145,0.239905,0.844173,0.0,0.4575,0.748028,339927.037722,85417.018812,48.0,0.544251
51367.426857,0.170157,0.829843,0.166572,0.500461,0.192967,3871.394168,0.32794,2.226857,0.290996,0.762826,0.0,0.719257,0.730668,317144.292838,127866.029257,60.0,0.343568
23742.423813,0.065616,0.934384,0.326336,0.849183,0.165875,4197.070842,0.391307,2.046242,0.339539,0.586104,1.0,0.582811,0.846676,100322.94285,134060.080944,36.0,0.72376
66603.536807,0.153714,0.846286,0.737721,0.676123,0.371798,2976.43731,-0.286836,1.96851,0.150937,0.598175,0.0,0.419676,0.795873,261679.898353,277014.583423,48.0,0.522293
37623.435408,0.005136,0.994864,0.180466,0.791165,0.313909,3010.242449,0.16942,1.058518,0.050945,0.873099,0.0,0.566425,0.747851,179749.112983,439157.994466,36.0,0.365665
20125.277917,0.409793,0.590207,0.443745,0.865278,0.438207,1382.795471,0.227813,1.008658,0.253872,0.962116,0.0,0.952286,0.910778,221403.271292,373215.820846,36.0,0.436838
86831.080191,0.090424,0.909576,0.34675,0.539278,0.195093,3919.397923,0.389229,1.247231,0.038611,0.567956,0.0,0.857364,0.822839,249424.921762,97055.59652,48.0,0.291134
43858.583765,0.228473,0.771527,0.54658,0.946709,0.194538,7145.128554,0.389474,1.855923,0.299871,0.947377,0.0,0.881462,0.963449,184930.074222,85370.054688,60.0,0.469115
44727.73189,0.261331,0.738669,0.177492,0.656627,0.349362,17489.81084,0.219003,2.784855,0.059053,0.681855,0.0,0.519452,0.520158,346970.030344,249801.39279,36.0,0.453339
69390.037525,0.139259,0.860741,0.478247,0.577432,0.380533,17870.187844,-0.019835,1.951653,0.211108,0.702222,0.0,0.69072,0.567334,321119.848896,125375.400568,48.0,0.456462
32311.634474,0.471202,0.528798,0.579569,0.939703,0.284385,345.720116,-0.174633,2.209168,0.114435,0.651376,1.0,0.77394,0.856103,284767.405507,298378.543424,60.0,0.804375
74454.856142,0.100966,0.899034,0.418663,0.570082,0.233393,25602.711328,0.082634,2.905161,0.011059,0.715203,0.0,0.948963,0.630178,166950.127259,238061.356439,60.0,0.292406
28265.187977,0.329706,0.670294,0.675055,0.506694,0.262125,3532.692583,-0.027644,2.528022,0.199099,0.745277,0.0,0.73227,0.723635,219738.249047,316147.272727,36.0,0.474021
44353.861472,0.247346,0.752654,0.501011,0.629296,0.442668,5685.859593,-0.280297,1.090237,0.292927,0.674438,0.0,0.845234,0.41614,363056.582753,223327.740281,24.0,0.472568
89395.914203,0.205965,0.794035,0.258749,0.552504,0.222993,3037.377682,0.181594,2.73788,0.040065,0.58489,0.0,0.72305,0.422427,283641.04743,257438.676794,60.0,0.326635
67196.885722,0.293995,0.706005,0.345529,0.653696,0.308938,21726.811216,-0.22996,2.350223,0.117589,0.751384,0.0,0.858942,0.603724,269041.477008,232600.40825,60.0,0.363005
62658.315029,0.487054,0.512946,0.652717,0.539152,0.207501,7451.834832,0.101464,2.609206,0.2186,0.978971,0.0,0.830624,0.746916,261233.98285,194813.271375,60.0,0.452394
41048.736533,0.038331,0.961669,0.428016,0.594941,0.338941,5145.097342,-0.00998,1.50253,0.180379,0.83578,0.0,0.728537,0.928538,273466.93843,296814.128327,36.0,0.383596
30971.460376,0.481059,0.518941,0.403742,1.009156,0.295797,7611.822341,0.238383,1.867449,0.198141,0.813379,0.0,0.713362,0.618565,110232.8542,143198.514681,48.0,0.557232
45769.519686,0.430093,0.569907,0.512053,0.949879,0.208088,5255.157334,-0.187591,2.37371,0.082645,0.619242,0.0,0.489977,0.416623,330995.218465,210427.038483,60.0,0.579147
47709.968326,0.323461,0.676539,0.203583,0.48868,0.205271,15334.712503,0.161069,1.35197,0.298382,0.981893,1.0,0.691505,0.411945,352258.560991,115250.407248,48.0,0.678587
80037.883481,0.450287,0.549713,0.336232,0.82733,0.149801,30195.480651,0.206964,1.28112,0.039176,0.86724,0.0,0.959761,0.713175,341853.738109,478863.290143,48.0,0.376444
21768.659077,0.299911,0.700089,0.303717,0.941017,0.363288,7016.836493,0.220771,2.871,0.076303,0.553407,0.0,0.528465,0.564728,198847.688932,442417.972144,24.0,0.505599
43102.873843,0.474355,0.525645,0.375458,0.84378,0.437894,15162.445186,0.355881,1.725996,0.250485,0.910683,0.0,0.412645,0.980083,265977.009176,433418.645938,24.0,0.558806
74160.203303,0.119838,0.880162,0.301025,1.023014,0.239742,24094.65892,-0.214562,2.733906,0.300176,0.694236,0.0,0.945873,0.635785,392517.570496,187324.149805,24.0,0.459537
71750.09465,0.148711,0.851289,0.204148,0.68525,0.224671,23311.541431,0.151101,2.578635,0.095913,0.540047,0.0,0.867674,0.695015,310560.268614,469128.83232,48.0,0.3377
80757.092043,0.410121,0.589879,0.554013,0.729117,0.236113,19450.05302,0.2694,2.475571,0.158642,0.513675,0.0,0.431259,0.784956,274253.156116,412228.113482,36.0,0.487341
30005.64886,0.152774,0.847226,0.172038,0.562242,0.355476,9213.02276,0.154426,1.260186,0.207906,0.705158,0.0,0.963651,0.670894,356991.986856,136074.116748,36.0,0.316484
77007.645701,0.399764,0.600236,0.369423,0.518228,0.409209,29101.409701,0.319039,1.448974,0.331838,0.961556,0.0,0.788264,0.775976,368327.225374,489133.580135,36.0,0.398472
78887.315338,0.024891,0.975109,0.490255,0.497013,0.436151,5368.215033,0.09707,1.02823,0.184043,0.88668,0.0,0.956971,0.896354,228010.670247,174283.258913,36.0,0.314282
79645.254321,0.391061,0.608939,0.421209,0.48463,0.402591,19117.498458,0.396645,1.565934,0.237016,0.709165,0.0,0.645114,0.487566,158665.606915,189955.774836,60.0,0.511748
42722.830465,0.342134,0.657866,0.106708,0.486583,0.226671,11843.17119,0.180797,2.426672,0.247959,0.868052,0.0,0.553735,0.457168,79975.786639,219802.267038,36.0,0.367097
41572.626269,0.303187,0.696813,0.621462,0.861218,0.387251,89.148094,0.053179,1.761875,0.342133,0.835631,0.0,0.479343,0.935336,73982.496242,155336.333732,36.0,0.575157
84774.520587,0.438948,0.561052,0.306256,0.744775,0.166793,3962.091718,-0.269086,1.255743,0.305088,0.917402,0.0,0.848694,0.955742,156194.672785,448313.281913,48.0,0.36408
47683.152645,0.082492,0.917508,0.419329,1.017533,0.303373,17601.812453,0.145657,1.879979,0.066122,0.527284,0.0,0.509885,0.682149,115608.685315,276195.792729,24.0,0.567107
84540.475585,0.020396,0.979604,0.560869,0.71538,0.282686,28603.030583,0.306816,1.247308,0.032752,0.934087,0.0,0.508393,0.500977,232970.839736,194572.452579,36.0,0.518242
87872.051599,0.263008,0.736992,0.370672,0.449943,0.373524,23792.536022,0.321157,1.051924,0.238459,0.84032,0.0,0.636502,0.754203,383414.749027,431530.427604,36.0,0.362072
49517.488534,0.353853,0.646147,0.508432,0.575057,0.337142,6524.957527,-0.269307,2.24473,0.158586,0.973709,0.0,0.999893,0.944127,330991.377484,134314.483321,24.0,0.400208
36221.550735,0.399073,0.600927,0.455652,0.791489,0.150542,3696.972887,-0.131944,2.541755,0.139621,0.510256,0.0,0.524934,0.633102,196814.719564,351810.560495,36.0,0.454481
51813.382321,0.216179,0.783821,0.301566,0.845225,0.163325,13793.14302,0.282437,2.025306,0.171368,0.942707,0.0,0.685864,0.737834,203843.997349,397726.070266,48.0,0.419605
47557.944188,0.213009,0.786991,0.322134,0.701291,0.193996,13054.399549,-0.191451,1.990645,0.220346,0.762339,0.0,0.574422,0.662413,368450.621758,280596.773372,36.0,0.476325
66323.545297,0.150204,0.849796,0.378026,0.769548,0.301828,24335.488638,0.05939,2.021303,0.144557,0.732328,0.0,0.832186,0.887695,180855.596115,325938.511598,24.0,0.35121
64618.374256,0.089776,0.910224,0.355422,0.454139,0.409329,7693.399429,0.111046,1.909996,0.234591,0.811905,0.0,0.559045,0.980032,356257.238205,158620.528196,36.0,0.336171
88663.964088,0.129659,0.870341,0.381969,0.411645,0.250328,471.855427,0.159061,1.920326,0.141782,0.828859,0.0,0.846548,0.835547,162951.99387,421515.641429,48.0,0.319848
87235.62078,0.337551,0.662449,0.156963,0.487824,0.182965,28472.597789,0.187223,1.376442,0.009385,0.740559,0.0,0.487093,0.545068,346310.501343,440439.530252,36.0,0.320039
72729.08598,0.074083,0.925917,0.175698,0.98657,0.363798,12953.514181,0.039533,1.039256,0.157331,0.621315,0.0,0.576899,0.89767,193189.353774,220217.023516,24.0,0.424803
68481.961097,0.489743,0.510257,0.579101,0.787296,0.30292,7965.124074,0.041248,1.972202,0.206864,0.805748,0.0,0.807201,0.890014,225886.508516,380001.938086,24.0,0.478117
38688.761268,0.031755,0.968245,0.371139,0.70767,0.28328,14530.948981,-0.057265,2.395029,0.007282,0.644005,0.0,0.515321,0.606308,138915.058468,172274.984917,48.0,0.482376
79009.034359,0.3576,0.6424,0.674063,0.869947,0.248823,13174.316506,0.358838,2.305,0.126089,0.736162,0.0,0.982565,0.497215,130450.92088,370092.97054,24.0,0.52331
24682.241552,0.099742,0.900258,0.165587,0.67039,0.447943,2997.923752,-0.153397,1.094099,0.006346,0.940453,0.0,0.614226,0.495163,341502.554061,455672.137674,24.0,0.41254
40330.106596,0.056985,0.943015,0.465288,0.716137,0.447909,12661.811257,0.238562,2.54019,0.194958,0.948159,0.0,0.912045,0.924217,265458.424744,123739.649629,24.0,0.444402
47837.002985,0.228568,0.771432,0.172105,0.46883,0.321489,14966.404495,0.363168,2.64722,0.014689,0.552706,0.0,0.777956,0.922522,369735.161982,145953.66989,48.0,0.297186
72147.351749,0.249196,0.750804,0.200292,0.636429,0.390323,3549.172651,-0.158677,2.939273,0.269227,0.503294,0.0,0.900888,0.684198,157497.821984,151929.95411,48.0,0.326141
71613.390938,0.180322,0.819678,0.198547,0.88978,0.259168,6536.354821,0.261238,1.826819,0.143258,0.729377,0.0,0.911434,0.876764,183003.285683,92500.429346,36.0,0.352573
68821.930181,0.258674,0.741326,0.319897,0.661073,0.374883,11949.476829,-0.024714,1.074187,0.322882,0.575476,0.0,0.744734,0.98664,393216.005434,415609.721522,48.0,0.382352
81433.713779,0.350395,0.649605,0.569008,0.603902,0.233572,26938.388336,0.330146,2.220802,0.051402,0.701969,0.0,0.786328,0.932548,272282.291413,339638.734116,60.0,0.440387
81575.617238,0.390782,0.609218,0.228242,0.595995,0.1322,10914.586719,0.207569,2.480104,0.044102,0.995962,0.0,0.570357,0.455692,247607.189463,298961.063348,36.0,0.338462
81773.950381,0.269966,0.730034,0.640949,0.597562,0.259506,16527.319609,0.21239,2.683167,0.090915,0.75375,0.0,0.474288,0.853936,380056.631136,268469.492086,24.0,0.500029
88721.292188,0.402694,0.597306,0.467638,0.98132,0.327156,18925.623486,0.116884,1.700674,0.099587,0.892395,0.0,0.828913,0.80346,302879.332814,298259.991927,36.0,0.44129
53733.88688,0.096278,0.903722,0.395301,0.49526,0.260478,8856.482692,-0.235426,1.849773,0.045522,0.607392,0.0,0.446844,0.806093,196936.260611,314766.749426,60.0,0.436453
58822.783324,0.318231,0.681769,0.547862,1.016083,0.361467,9809.813267,-0.18601,2.011572,0.169668,0.728856,0.0,0.980819,0.707911,239907.976241,371677.696178,60.0,0.488982
70987.222953,0.472035,0.527965,0.718684,0.79104,0.254845,3431.988831,0.100235,1.080564,0.053657,0.685734,0.0,0.994612,0.581956,225214.683782,412305.55445,36.0,0.522467
46631.77262,0.46841,0.53159,0.284263,0.519,0.364088,38.904957,0.083276,1.135129,0.015639,0.740588,0.0,0.585821,0.671425,174859.904242,238468.364772,36.0,0.423647
52857.289595,0.230468,0.769532,0.391899,0.963125,0.227321,16910.349793,0.165152,1.819257,0.081488,0.697699,0.0,0.724597,0.974848,362614.676138,389083.37367,24.0,0.466413
68040.646962,0.285997,0.714003,0.559809,0.764679,0.160848,15223.491189,-0.165301,2.237408,0.201899,0.526437,0.0,0.742147,0.513638,221784.135333,456682.997702,24.0,0.505721
54889.457736,0.481188,0.518812,0.233773,0.939299,0.396843,12724.534484,-0.240746,2.067088,0.112151,0.794447,0.0,0.694884,0.960309,175585.228716,155813.362407,24.0,0.470614
38803.682652,0.128589,0.871411,0.164567,0.509301,0.167531,3966.58268,-0.23726,1.613588,0.142547,0.584596,0.0,0.768685,0.595174,69238.205422,104570.748546,60.0,0.245019
25684.541285,0.446506,0.553494,0.712025,0.984676,0.13712,2461.842361,0.117903,1.472982,0.178017,0.752211,0.0,0.969614,0.561573,168234.391496,312310.855917,24.0,0.526999
45562.034231,0.11687,0.88313,0.274954,1.026259,0.342782,4489.064957,0.088295,2.570428,0.106614,0.703373,0.0,0.450345,0.781479,129175.348328,486522.835343,48.0,0.481732
27614.124892,0.122581,0.877419,0.724879,0.760849,0.133791,8976.178045,0.37278,2.24146,0.228571,0.583691,0.0,0.436105,0.953086,152922.999436,185373.362099,60.0,0.593248
78182.900454,0.106377,0.893623,0.282852,0.504921,0.296249,2187.095329,-0.237199,2.396859,0.290674,0.862537,0.0,0.999293,0.926968,131689.05994,292024.504856,48.0,0.307121
85905.634952,0.317585,0.682415,0.56004,0.577459,0.338551,11052.215285,-0.152563,2.917985,0.11496,0.957009,0.0,0.480235,0.953355,266987.495139,81797.284026,24.0,0.498313
45987.22746,0.447634,0.552366,0.595602,0.749785,0.379811,11940.073632,-0.245734,1.061895,0.291229,0.835807,0.0,0.803348,0.611797,336345.624089,427536.070738,48.0,0.524308
77935.934459,0.405935,0.594065,0.181097,0.640812,0.183687,291.8951,0.220201,2.516842,0.238194,0.854599,0.0,0.514907,0.889768,272580.429786,419534.087639,36.0,0.343296
52035.650369,0.1815,0.8185,0.68793,0.859529,0.188998,4081.401542,0.274786,1.792172,0.304471,0.784551,0.0,0.696407,0.731071,284345.063204,317596.960085,36.0,0.48611
24618.479617,0.032525,0.967475,0.470437,0.548177,0.292616,7703.148945,-0.165704,2.355957,0.347183,0.846493,0.0,0.719765,0.551753,250439.432265,270648.971951,60.0,0.45228
85730.566783,0.025931,0.974069,0.381156,1.046819,0.210432,23324.663024,0.026611,1.722944,0.265658,0.941901,0.0,0.534729,0.56676,202821.103491,268521.828747,24.0,0.502666
40102.93615,0.440049,0.559951,0.743672,0.546658,0.347551,15363.846821,0.341897,1.393754,0.115229,0.531422,0.0,0.775177,0.416724,206862.640789,90089.882529,48.0,0.585659
33536.517457,0.236788,0.763212,0.641136,0.934062,0.291493,3175.823233,-0.248962,2.199929,0.153485,0.547835,0.0,0.667874,0.474896,391338.696783,465020.038739,60.0,0.548222
78576.910846,0.032514,0.967486,0.697425,0.687247,0.219485,19681.479824,-0.253947,2.355129,0.19574,0.647458,0.0,0.628873,0.457498,315667.541621,177907.033288,24.0,0.525021
49815.681984,0.214053,0.785947,0.165831,0.823099,0.343006,517.526734,0.062049,2.175627,0.037802,0.506144,0.0,0.82798,0.755732,345865.017219,459835.396564,36.0,0.34763
34221.457665,0.210504,0.789496,0.389006,0.558049,0.383018,828.038581,-0.081833,1.871696,0.335909,0.877187,0.0,0.586713,0.931133,323668.525886,141911.806294,48.0,0.430332
36829.795857,0.485136,0.514864,0.52749,0.49399,0.198338,12068.148672,0.091615,1.109215,0.120336,0.988255,0.0,0.784333,0.520757,83257.283689,159529.340271,60.0,0.464383
88644.244187,0.299881,0.700119,0.475967,1.025992,0.323314,14845.970953,-0.186404,1.908604,0.276217,0.521096,0.0,0.531644,0.402218,135828.53016,176715.084284,36.0,0.569301
70093.963315,0.476294,0.523706,0.581053,0.533456,0.180801,27753.790109,-0.046028,1.147462,0.010506,0.557595,0.0,0.574346,0.516642,259133.373427,401523.74857,24.0,0.546933
29934.215246,0.14205,0.85795,0.270299,0.513285,0.399686,2945.098844,-0.162809,1.352155,0.091626,0.550595,0.0,0.898867,0.482346,282655.527053,451704.840411,48.0,0.377324
37880.428353,0.120075,0.879925,0.529591,1.011755,0.442444,15117.244286,0.317165,2.756776,0.022882,0.572216,0.0,0.954493,0.876939,125171.639331,238842.122343,48.0,0.444812
47215.512345,0.318071,0.681929,0.596004,0.781762,0.401964,5555.995631,-0.196003,1.494343,0.220311,0.640037,0.0,0.475875,0.704962,258587.955692,285376.06722,24.0,0.60233
74324.791467,0.307443,0.692557,0.352275,0.973574,0.367875,11126.899688,0.063225,1.357997,0.24937,0.762738,0.0,0.689978,0.973451,221077.77291,324098.407689,24.0,0.434653
82116.346882,0.22604,0.77396,0.242086,0.676265,0.244437,5163.782556,0.289702,1.509058,0.029666,0.875811,0.0,0.577029,0.711292,138260.376592,97280.027087,48.0,0.365809
50066.324155,0.204476,0.795524,0.306063,0.648541,0.179257,4682.010373,0.151748,1.718186,0.028846,0.921302,0.0,0.707675,0.786193,327196.920618,469174.486068,24.0,0.305158
42017.766817,0.273013,0.726987,0.53882,0.562515,0.36592,12915.973347,0.291814,1.381285,0.211412,0.568933,0.0,0.913,0.829711,244662.716316,189676.886526,48.0,0.394212
40997.426985,0.498421,0.501579,0.63421,0.892574,0.123924,10726.419766,0.392492,2.902978,0.302913,0.613789,0.0,0.834002,0.525925,139465.884532,326541.528479,60.0,0.565588
49605.085295,0.395957,0.604043,0.2221,0.900585,0.350321,4158.58783,0.01498,2.116894,0.131145,0.788754,0.0,0.477007,0.966012,63291.592374,420368.581688,48.0,0.430165
46436.048686,0.342881,0.657119,0.606118,0.749443,0.227606,431.666543,0.24975,2.844288,0.053792,0.976319,0.0,0.59815,0.777904,265020.947238,335291.654028,60.0,0.541605
30315.346391,0.195318,0.804682,0.22242,0.470615,0.30794,5475.379933,0.326321,1.186483,0.03651,0.776453,0.0,0.419235,0.813415,226128.529676,158410.684195,24.0,0.405787
43942.05858,0.102946,0.897054,0.440857,0.695531,0.241655,194.172731,-0.07126,2.819625,0.136887,0.994798,0.0,0.477483,0.651048,312668.53648,243377.017089,36.0,0.420297
30425.775373,0.2161,0.7839,0.408607,0.792411,0.429921,7149.959283,0.051733,2.369672,0.096404,0.503722,0.0,0.485615,0.438382,195740.550948,419177.649645,48.0,0.572774
80942.95436,0.230102,0.769898,0.579239,0.587143,0.410728,14773.922497,0.190222,2.423296,0.104107,0.806514,0.0,0.885991,0.505076,144705.837973,457985.140528,60.0,0.451691
83312.482159,0.091722,0.908278,0.355808,1.014697,0.199099,29010.725687,-0.108357,2.256166,0.102161,0.958148,0.0,0.818826,0.833446,133866.655446,287264.782434,24.0,0.458474
20740.022709,0.052612,0.947388,0.311909,0.693108,0.203413,4198.316284,0.023517,1.146391,0.24307,0.874868,0.0,0.628693,0.847574,350962.869272,246603.21769,24.0,0.353098
68182.47038,0.06824,0.93176,0.40176,0.699882,0.147241,17918.969712,0.199507,1.875447,0.164776,0.639571,0.0,0.49682,0.903098,266376.109527,154439.373639,24.0,0.418827
44313.712661,0.038793,0.961207,0.540299,0.499773,0.238169,3840.62398,-0.275889,2.350088,0.075658,0.848371,0.0,0.901901,0.886907,277944.144348,380892.381945,24.0,0.323544
38124.318818,0.026208,0.973792,0.602066,0.898624,0.426511,5713.229648,-0.133022,1.182773,0.147589,0.994645,1.0,0.60227,0.515291,287442.814868,172638.49782,24.0,0.859238
74769.312387,0.415225,0.584775,0.208581,0.670192,0.155536,9784.056991,0.093438,1.379095,0.072492,0.770851,0.0,0.963354,0.472482,132685.195476,229762.056886,36.0,0.273434
64049.456967,0.005991,0.994009,0.243063,0.827675,0.211891,15984.423158,-0.269243,2.77092,0.143884,0.883773,0.0,0.699746,0.994285,302260.576951,412329.104662,36.0,0.316966
22105.842568,0.162177,0.837823,0.352568,1.00096,0.374564,1175.424559,-0.177268,2.523433,0.240669,0.989011,0.0,0.799822,0.440508,66000.591419,463083.367092,60.0,0.469293
63044.396606,0.116213,0.883787,0.742448,0.551194,0.323395,22614.76713,-0.083806,2.475827,0.265036,0.809883,0.0,0.435954,0.624714,160849.008327,143701.645865,36.0,0.591061
32854.797611,0.362654,0.637346,0.388422,0.970266,0.164308,4173.067378,0.25088,1.079215,0.277123,0.707447,0.0,0.887626,0.850331,137863.407492,387806.71432,48.0,0.397816
55448.381409,0.453316,0.546684,0.26142,0.846777,0.357436,13486.448042,-0.03296,1.643274,0.154826,0.503021,0.0,0.92192,0.441991,125438.252074,346434.122895,36.0,0.472681
24417.07497,0.086838,0.913162,0.616902,0.532843,0.28745,4163.01182,0.026952,1.328318,0.069138,0.712008,0.0,0.763511,0.58186,255983.422342,486444.840483,36.0,0.41452
73596.669406,0.040008,0.959992,0.358859,0.509048,0.265654,14875.139628,0.21445,2.520649,0.286861,0.896779,0.0,0.411887,0.628852,350374.351504,398720.495408,48.0,0.446183
26459.903169,0.363324,0.636676,0.401373,0.694842,0.243798,6414.148902,-0.249642,1.273313,0.16424,0.577362,0.0,0.513775,0.407701,230237.934949,384645.057896,60.0,0.493861
46186.512452,0.197325,0.802675,0.349624,0.600077,0.445882,1316.026587,0.3195,2.984945,0.043567,0.966065,0.0,0.497417,0.857771,385412.938049,403933.559086,48.0,0.420998
51646.638234,0.344245,0.655755,0.523089,1.002237,0.362769,5006.684384,-0.275845,2.626253,0.220833,0.838213,0.0,0.818483,0.7872,148852.43748,271297.723477,36.0,0.486112
60161.19952,0.475889,0.524111,0.108019,0.901132,0.332651,22064.308905,-0.021633,2.172321,0.315348,0.759269,0.0,0.513294,0.653767,342114.852109,186205.918868,48.0,0.473998
54990.098397,0.443325,0.556675,0.577057,0.8891,0.425026,19123.751637,-0.223508,2.145223,0.279137,0.907114,0.0,0.561413,0.525715,314418.685401,373583.778362,24.0,0.670392
76229.203357,0.000789,0.999211,0.552606,0.741225,0.335992,22351.690268,-0.180556,1.749303,0.246417,0.59901,0.0,0.509191,0.96909,213224.666661,422035.591075,36.0,0.46033
71243.680147,0.404589,0.595411,0.738916,0.96655,0.265441,26017.377087,-0.223563,2.272867,0.027933,0.542854,0.0,0.474809,0.438557,70086.661571,178607.65413,60.0,0.675444
22560.685655,0.030528,0.969472,0.104697,0.77859,0.445914,873.927423,0.065634,1.014524,0.211045,0.993448,0.0,0.856818,0.959277,220898.806284,221552.586659,60.0,0.2809
66139.499931,0.171539,0.828461,0.255738,0.634787,0.251496,16159.44227,0.382714,2.746155,0.282195,0.501542,0.0,0.922325,0.641085,344043.19407,468515.589076,24.0,0.347914
80175.396128,0.139734,0.860266,0.629784,0.639479,0.324056,21130.261093,0.03264,1.826253,0.065777,0.993091,0.0,0.974528,0.887571,65654.303398,231286.357096,24.0,0.449675
70185.977365,0.338965,0.661035,0.414948,0.880483,0.382007,9779.263717,0.357359,2.882955,0.166643,0.82917,0.0,0.8197,0.460273,190851.904749,335012.999936,36.0,0.524819
80717.5505,0.392431,0.607569,0.120635,0.723651,0.14874,26874.233996,0.397413,2.974439,0.163381,0.948204,0.0,0.973031,0.689301,243827.088787,182209.519363,36.0,0.322776
64480.882678,0.044716,0.955284,0.565247,0.504153,0.426559,23281.429298,0.236416,1.440752,0.09017,0.738151,0.0,0.938507,0.473859,106157.187028,304508.18722,60.0,0.379804
66883.841119,0.43597,0.56403,0.598119,0.790442,0.332516,10086.359403,0.20221,2.472005,0.133578,0.821051,0.0,0.73714,0.913685,334872.14386,173891.350991,24.0,0.476389
23353.689176,0.170119,0.829881,0.222302,1.012305,0.309037,1190.267163,-0.080639,1.76039,0.257921,0.655399,0.0,0.754036,0.513915,191969.479718,257953.367786,48.0,0.468166
85044.387391,0.063154,0.936846,0.484004,0.469281,0.123032,28995.442509,-0.078852,2.632296,0.103888,0.609452,0.0,0.807989,0.488455,156353.560609,393765.171166,24.0,0.381323
38166.857009,0.495168,0.504832,0.747952,0.859239,0.277833,12651.355941,0.046518,2.408281,0.131848,0.990571,0.0,0.599887,0.896731,131608.449134,387716.4031,36.0,0.610389
18942.472817,0.432716,0.567284,0.416878,0.654675,0.444849,4995.132438,0.293963,2.982126,0.19178,0.668705,0.0,0.806739,0.994189,317622.822918,244246.499763,48.0,0.402737
84229.783972,0.350554,0.649446,0.163258,0.610222,0.381122,29172.326382,-0.262114,2.869151,0.106426,0.827317,0.0,0.746294,0.66513,224030.184142,456831.5965,36.0,0.335042
71128.688825,0.367659,0.632341,0.571872,0.774193,0.343845,28123.833683,-0.196676,2.900796,0.149489,0.92083,1.0,0.955591,0.457629,391213.978388,155445.809341,24.0,0.797097
23801.013407,0.257718,0.742282,0.381984,0.496569,0.358442,2332.508867,-0.216838,1.79329,0.105941,0.798078,0.0,0.503492,0.84712,323788.935208,496288.863227,24.0,0.441372
79867.18421,0.325155,0.674845,0.524577,0.63876,0.1596,2639.993499,0.042453,2.337584,0.178412,0.511513,0.0,0.743789,0.743578,153066.434382,393050.903825,36.0,0.41358
89996.564339,0.351368,0.648632,0.181404,0.611399,0.355543,31038.392673,0.076258,1.810661,0.24526,0.696898,0.0,0.890478,0.870085,240229.80471,106851.298347,24.0,0.354958
30559.782814,0.329291,0.670709,0.660302,0.85189,0.121757,5466.93585,-0.079993,1.078286,0.201278,0.82632,0.0,0.452693,0.554056,316043.368369,115536.33773,24.0,0.586367
42266.973052,0.272214,0.727786,0.714399,0.400056,0.219198,15997.451069,0.06361,2.565604,0.230705,0.72246,0.0,0.746243,0.817061,237706.528378,494128.19921,48.0,0.468088
53294.275967,0.343965,0.656035,0.129078,0.423877,0.16675,18249.775775,-0.149351,1.268416,0.193225,0.795892,0.0,0.566437,0.837463,203485.104034,310936.41644,48.0,0.302019
82774.495015,0.20003,0.79997,0.265217,0.676473,0.34919,17743.683773,-0.250609,2.46535,0.348376,0.848401,0.0,0.515576,0.623285,283488.138022,424613.447449,36.0,0.445792
26511.855749,0.496224,0.503776,0.116841,0.792345,0.145583,1321.575964,-0.223007,2.096738,0.023086,0.820089,0.0,0.617692,0.60011,152906.020803,444919.255638,36.0,0.347751
22346.014144,0.489743,0.510257,0.718659,0.908777,0.160756,4705.853138,0.312858,2.177654,0.282379,0.54777,0.0,0.60934,0.743295,155878.88604,193842.666113,24.0,0.634492
27806.056245,0.473255,0.526745,0.324362,0.881843,0.43944,5913.593371,0.116232,2.69926,0.166902,0.563786,0.0,0.405698,0.708139,112867.036041,133074.711114,60.0,0.551408
35052.742801,0.459221,0.540779,0.340598,0.905393,0.343811,5864.236221,0.020451,1.87792,0.1239,0.734333,0.0,0.572092,0.97157,237002.185584,381756.060199,36.0,0.452342
79344.110575,0.473727,0.526273,0.303279,0.458591,0.146227,23166.989572,0.361407,1.330226,0.020094,0.871705,0.0,0.732496,0.69571,357280.007032,484109.859156,60.0,0.361078
84933.106414,0.068214,0.931786,0.545329,0.839903,0.295695,4236.177505,-0.29027,1.380368,0.290989,0.503645,0.0,0.654987,0.720595,177320.612841,497573.21738,24.0,0.50523
87348.553782,0.337261,0.662739,0.440286,0.546295,0.14479,29328.462605,0.059579,2.904967,0.147953,0.689547,0.0,0.62397,0.46794,370775.359503,184901.39387,24.0,0.424865
51234.351225,0.132375,0.867625,0.510265,0.655854,0.424609,19040.918869,0.371394,2.031058,0.312696,0.967707,1.0,0.935496,0.909011,79548.887916,82474.263746,60.0,0.719913
39641.385096,0.176946,0.823054,0.678628,0.521003,0.236996,1606.867966,0.044432,1.169488,0.180012,0.576855,1.0,0.474306,0.692447,112914.336187,355786.047318,36.0,0.806535
50302.400996,0.187155,0.812845,0.679926,0.748678,0.208929,19907.059431,0.159396,1.878713,0.048956,0.873546,0.0,0.403486,0.930146,301134.607848,126479.570118,48.0,0.493791
44590.950397,0.371962,0.628038,0.204203,0.529345,0.278167,11865.525179,-0.11394,1.842191,0.192543,0.89991,0.0,0.828593,0.594933,319893.521259,450341.942966,60.0,0.305953
86825.894587,0.396356,0.603644,0.323678,0.408872,0.345864,1807.362158,0.280885,1.85933,0.20898,0.504014,0.0,0.688116,0.569334,88089.064946,260159.813047,36.0,0.412523
29014.517655,0.140569,0.859431,0.271295,0.855621,0.339889,4980.735711,0.031725,2.565434,0.036073,0.865228,0.0,0.76666,0.513201,350656.452186,344141.321678,36.0,0.380917
24922.185951,0.019183,0.980817,0.703914,0.677097,0.323434,906.523882,-0.264331,1.814594,0.107256,0.816655,0.0,0.538857,0.601707,222926.38079,294142.750944,24.0,0.508516
35193.456689,0.140278,0.859722,0.371748,0.607897,0.135694,575.611917,-0.263509,2.489509,0.074192,0.736029,0.0,0.945089,0.460457,122845.601035,478297.83802,48.0,0.311929
23364.646005,0.334474,0.665526,0.600801,0.4847,0.238988,7570.474713,0.220052,2.177822,0.21165,0.619126,0.0,0.565568,0.750596,89658.598912,124673.517457,24.0,0.440078
87624.763611,0.442021,0.557979,0.225403,0.68975,0.15255,33010.63195,0.133307,1.602953,0.165969,0.880494,0.0,0.720135,0.492203,103462.861219,255649.274969,48.0,0.440205
71951.636739,0.423044,0.576956,0.325771,0.637908,0.327855,3379.681641,0.005288,1.965641,0.183317,0.976222,0.0,0.874531,0.500161,153210.537857,486344.51534,48.0,0.35434
57463.107627,0.397195,0.602805,0.581465,0.658371,0.345949,20003.03924,0.380077,1.331036,0.262755,0.692075,0.0,0.867623,0.640509,152308.024245,157307.862949,36.0,0.497853
59408.456625,0.004431,0.995569,0.433317,0.727482,0.357791,6150.786061,0.296733,1.592727,0.09398,0.559552,0.0,0.534358,0.720139,159226.720432,348638.444112,48.0,0.493468
35282.61416,0.395311,0.604689,0.261855,0.935217,0.296416,19.75772,-0.056777,2.210319,0.129189,0.541623,0.0,0.823277,0.729565,305507.060926,251504.010538,48.0,0.388688
19294.757336,0.407961,0.592039,0.242532,1.027398,0.178323,7498.750804,0.076172,2.957525,0.272365,0.890257,0.0,0.463866,0.847462,189873.532366,354606.381864,36.0,0.52607
31547.927814,0.134397,0.865603,0.625026,0.889384,0.171362,2924.153991,0.2084,1.73728,0.315759,0.546846,0.0,0.508908,0.511017,353199.738263,159321.167016,60.0,0.614403
28530.498174,0.141022,0.858978,0.675414,0.931374,0.346831,2143.759004,-0.199534,1.85279,0.159258,0.822559,0.0,0.641503,0.834584,106679.040395,395186.564918,24.0,0.554652
43340.634732,0.010358,0.989642,0.59624,0.818913,0.134434,4305.336338,-0.241483,1.285271,0.219585,0.506748,0.0,0.979816,0.974571,96155.241165,389175.234315,48.0,0.416254
21372.389497,0.069615,0.930385,0.680054,0.930052,0.221437,4094.166602,-0.129334,2.087053,0.09361,0.771806,0.0,0.412725,0.426716,245178.314156,123077.757618,60.0,0.569509
83412.522166,0.012,0.988,0.195795,0.825987,0.194542,29327.512611,-0.030679,2.768448,0.287975,0.556204,0.0,0.501735,0.466081,94590.326586,481456.60876,48.0,0.394848
40029.359265,0.180247,0.819753,0.155123,0.428175,0.169864,6863.088149,-0.065609,1.362731,0.148836,0.946559,0.0,0.812296,0.774855,157581.888277,447668.91065,48.0,0.292247
64629.878645,0.466441,0.533559,0.562349,0.44964,0.120719,24122.325311,-0.19595,2.311708,0.11209,0.6953,0.0,0.832806,0.871328,222666.884489,108271.726575,60.0,0.436527
35885.710685,0.045224,0.954776,0.218217,0.650261,0.225374,6083.806016,0.185395,1.827889,0.277726,0.666733,0.0,0.881285,0.792373,143608.761357,255837.045243,60.0,0.30547
51945.105455,0.268106,0.731894,0.154352,0.864699,0.293892,16136.072925,0.267904,1.438668,0.030538,0.680855,0.0,0.521968,0.910357,183215.470387,279049.067067,36.0,0.438092
19468.304242,0.174674,0.825326,0.663402,0.932357,0.21725,1122.466436,0.297319,2.943639,0.319534,0.621249,0.0,0.896693,0.433519,106852.446346,484061.83386,36.0,0.516791
16976.01618,0.482457,0.517543,0.555911,0.830786,0.144344,5686.538946,0.309334,1.060371,0.127835,0.539497,0.0,0.446239,0.74151,336661.828023,142881.234448,36.0,0.549322
25508.429863,0.263725,0.736275,0.40562,0.869662,0.266511,6579.615343,-0.290753,1.222533,0.021,0.821227,0.0,0.762504,0.504148,114518.587915,246484.089864,60.0,0.474646
80698.23853,0.277078,0.722922,0.697448,0.726217,0.354086,13675.777531,-0.19024,2.946245,0.182525,0.988963,0.0,0.47508,0.527119,270474.878542,171940.693444,36.0,0.632023
88199.054539,0.302542,0.697458,0.550077,0.710321,0.335391,14291.770385,-0.033671,1.109343,0.130017,0.712111,0.0,0.561952,0.46264,183318.553903,407094.849315,48.0,0.488698
36165.519857,0.270784,0.729216,0.488122,0.891739,0.22201,7980.882183,0.146872,1.064734,0.094209,0.988332,0.0,0.738878,0.738244,328676.739071,99185.857327,48.0,0.425505
38145.364416,0.490271,0.509729,0.72318,0.72514,0.223776,5960.462009,-0.050914,1.259034,0.23614,0.665659,0.0,0.937907,0.702147,230740.220059,405525.277876,24.0,0.512421
43658.379881,0.293179,0.706821,0.288578,0.4985,0.272825,15458.626781,-0.234696,2.436925,0.309541,0.903738,0.0,0.792532,0.861295,114755.988998,484740.29087,48.0,0.345315
24839.818071,0.145421,0.854579,0.711092,0.426008,0.355212,6784.981158,-0.132623,2.994019,0.212407,0.979008,0.0,0.740141,0.996643,93118.05467,86275.536268,48.0,0.449752
87671.033888,0.390723,0.609277,0.161174,0.603917,0.428238,5662.583881,-0.103918,1.726657,0.03123,0.589593,0.0,0.863164,0.554766,220908.724313,187531.047467,60.0,0.353638
25533.54327,0.061983,0.938017,0.125735,0.958352,0.25231,8752.908428,0.341998,1.257968,0.128356,0.922418,0.0,0.971227,0.62421,291948.304925,292495.82059,48.0,0.365319
89343.611309,0.021338,0.978662,0.137088,0.913884,0.350916,20041.573306,-0.191806,1.210596,0.131538,0.785067,0.0,0.912298,0.533831,357214.020917,361043.235952,48.0,0.345512
63186.336198,0.450063,0.549937,0.155785,0.875656,0.422762,23315.524236,0.237752,1.398942,0.115052,0.658642,0.0,0.997863,0.691777,298778.885097,280012.176842,48.0,0.369437
55881.09163,0.474267,0.525733,0.238756,0.769334,0.445978,17305.379921,-0.25632,2.617067,0.276346,0.98928,0.0,0.528052,0.526896,67800.530373,398618.885034,60.0,0.486234
62676.54697,0.041796,0.958204,0.363295,0.593919,0.355028,21843.757625,0.067345,2.339289,0.090807,0.915275,0.0,0.455465,0.940985,176286.510285,396333.941256,36.0,0.384503
85645.62333,0.240813,0.759187,0.609507,1.027633,0.264139,31264.003584,0.099222,2.646031,0.196318,0.94689,0.0,0.519136,0.833634,256686.382514,140739.240616,48.0,0.53364
82237.583432,0.46691,0.53309,0.305665,0.914811,0.342402,8644.903394,0.2056,2.976477,0.330163,0.928634,0.0,0.780576,0.78335,256648.185649,95324.108093,36.0,0.450257
55956.467078,0.083051,0.916949,0.326256,1.019045,0.440676,12911.091464,-0.28994,2.627559,0.005667,0.948327,0.0,0.701251,0.920655,297767.829669,352542.904463,60.0,0.426904
41379.67338,0.414093,0.585907,0.733146,0.618287,0.425695,7594.387701,-0.038815,2.105507,0.05693,0.717938,0.0,0.571017,0.795763,291295.824265,346325.038366,24.0,0.607125
75445.482193,0.051906,0.948094,0.500569,0.667332,0.283814,22685.755114,0.34906,1.199404,0.155436,0.790617,0.0,0.419581,0.573943,203017.891586,173609.335767,60.0,0.51248
23587.582891,0.428171,0.571829,0.327899,0.915938,0.273103,8566.949426,0.151402,2.56927,0.138533,0.969808,0.0,0.869318,0.704536,150987.107896,356646.373504,48.0,0.468565
74635.365704,0.207358,0.792642,0.685122,0.669462,0.125125,4578.890086,-0.037916,2.633414,0.287012,0.799973,0.0,0.601054,0.975496,397561.90245,181569.067489,60.0,0.448819
63332.57686,0.414275,0.585725,0.475605,0.483766,0.32997,24759.38034,-0.178398,2.808343,0.181047,0.718701,0.0,0.459747,0.880703,231447.395833,345205.248761,60.0,0.512618
62048.878623,0.130115,0.869885,0.716655,0.532446,0.150778,10856.593978,0.140226,2.186576,0.009736,0.853788,0.0,0.952357,0.447264,190017.648701,391782.642069,36.0,0.469331
62584.736328,0.388795,0.611205,0.52414,0.544141,0.183964,21039.906715,0.208419,2.614195,0.132337,0.63024,0.0,0.431049,0.449778,108881.640087,89719.145508,24.0,0.48161
84539.926907,0.061342,0.938658,0.270297,0.517408,0.145536,28561.767405,0.338903,1.415945,0.035235,0.897721,0.0,0.648247,0.69191,272732.137337,168324.308609,60.0,0.311288
38518.870194,0.454151,0.545849,0.216874,0.406591,0.178963,8740.607265,0.124658,1.062901,0.341571,0.99687,0.0,0.690347,0.768403,245804.142369,146523.072713,48.0,0.38376
29463.394474,0.014778,0.985222,0.432634,0.499025,0.406069,1352.823036,-0.14813,1.655079,0.076916,0.863872,1.0,0.963909,0.560554,223735.456524,480356.331606,48.0,0.643153
68106.268058,0.325962,0.674038,0.625858,0.68344,0.432294,25127.074733,-0.124935,1.395753,0.296113,0.858698,0.0,0.977123,0.461737,329672.098909,326783.132783,36.0,0.544087
86532.155604,0.243916,0.756084,0.375429,0.885602,0.389244,21560.731327,0.125107,1.858626,0.1985,0.68698,0.0,0.779619,0.43856,116864.677984,94179.204571,48.0,0.496031
37010.515968,0.413343,0.586657,0.727344,0.628965,0.12988,2663.339439,-0.074123,2.581793,0.125211,0.53632,0.0,0.794173,0.623179,325034.948192,131367.514164,48.0,0.506029
68760.196639,0.106886,0.893114,0.309015,0.551222,0.141858,7800.548709,-0.151477,1.434927,0.196336,0.858133,0.0,0.967763,0.884456,288257.288526,321058.326922,60.0,0.285413
47640.41747,0.406697,0.593303,0.132279,0.721057,0.135441,5229.306667,-0.216519,1.90557,0.210501,0.795586,0.0,0.541853,0.412761,66064.341954,408988.367316,24.0,0.448516
36327.436416,0.420821,0.579179,0.682289,0.996722,0.13291,9369.21881,-0.251382,1.19024,0.28088,0.861627,0.0,0.564804,0.852215,196117.07648,313709.08458,48.0,0.588298
18530.457836,0.149222,0.850778,0.420669,0.816713,0.420456,6249.031064,0.356393,1.205487,0.078405,0.912728,0.0,0.483241,0.996124,352872.181935,384186.411075,36.0,0.44666
29336.977,0.451138,0.548862,0.686872,1.043217,0.428256,10185.97294,-0.118219,2.569888,0.038781,0.973572,0.0,0.445025,0.597597,268335.21522,421243.921067,48.0,0.695533
84364.380541,0.291727,0.708273,0.307566,0.496201,0.312763,28689.076081,0.326834,2.273807,0.233882,0.760882,0.0,0.544314,0.686756,226635.305822,197827.472502,60.0,0.393109
34785.902519,0.148117,0.851883,0.463035,0.967367,0.337629,10230.788269,-0.155876,1.156033,0.340118,0.530133,0.0,0.407877,0.529681,338293.891034,158925.320542,24.0,0.576711
76049.656341,0.380801,0.619199,0.303683,1.013848,0.353809,19933.811589,0.293465,1.211321,0.045521,0.958349,0.0,0.631345,0.671459,270962.537934,165268.705544,60.0,0.457787
35837.882584,0.082098,0.917902,0.66539,0.821449,0.168606,12560.407134,0.221518,1.481125,0.312934,0.593515,0.0,0.417152,0.797131,213897.911457,191543.064637,24.0,0.552095
30904.951925,0.198464,0.801536,0.316931,0.686871,0.242028,607.398518,-0.032234,2.85604,0.067876,0.594725,0.0,0.505987,0.565555,266532.365738,297819.753305,24.0,0.443
63475.864296,0.479486,0.520514,0.13454,0.423197,0.207839,1671.887893,-0.229278,1.45293,0.217077,0.857912,0.0,0.635145,0.460783,309534.286709,449401.621748,48.0,0.345096
27827.183932,0.101788,0.898212,0.558805,0.587186,0.121025,2060.089011,0.335448,2.244237,0.258682,0.926282,0.0,0.812762,0.50214,291690.444824,149991.090586,48.0,0.458458
25637.524144,0.006367,0.993633,0.317135,0.515385,0.207065,789.400575,0.175442,2.706179,0.207902,0.984771,0.0,0.749895,0.692984,144153.545951,125942.118905,24.0,0.329385
89280.982627,0.41768,0.58232,0.208748,0.495279,0.15099,10878.076039,0.215331,1.905233,0.257185,0.994897,0.0,0.554404,0.691896,183858.372837,85695.642588,48.0,0.348045
40030.415258,0.258916,0.741084,0.662333,0.948403,0.279837,4322.283221,0.063516,2.279601,0.051765,0.705159,0.0,0.532153,0.996452,181446.097711,92979.963441,60.0,0.527721
70827.383933,0.096921,0.903079,0.515177,1.027544,0.409458,19231.094511,0.329455,1.898539,0.335407,0.763453,0.0,0.559186,0.80744,361918.266957,244231.014754,60.0,0.609684
35718.534836,0.095286,0.904714,0.556193,0.942212,0.160577,11363.250423,0.096664,2.585051,0.121449,0.555095,0.0,0.405001,0.95634,110024.570216,365987.688624,48.0,0.533868
64824.024083,0.151823,0.848177,0.61986,0.410135,0.133515,7338.528076,0.11515,1.106387,0.107038,0.715161,0.0,0.796152,0.400385,145487.377396,227091.658928,48.0,0.440613
52649.492732,0.479262,0.520738,0.719895,0.863578,0.167073,15437.950268,0.002436,2.83652,0.101781,0.516068,0.0,0.959761,0.549237,290690.094207,242221.150975,60.0,0.569054
22360.402249,0.13063,0.86937,0.301978,0.76654,0.344045,2884.312132,0.104717,2.366642,0.069827,0.567845,0.0,0.73257,0.580637,89103.295215,317999.337833,60.0,0.406678
43197.445785,0.437961,0.562039,0.190096,0.687236,0.223376,16153.768045,0.198819,1.936758,0.149684,0.710253,0.0,0.646155,0.416604,250029.09518,482146.536574,60.0,0.379651
25543.919326,0.453424,0.546576,0.47721,0.642522,0.324894,9194.916038,0.314464,1.107072,0.295788,0.562968,0.0,0.802048,0.677685,319418.476056,297563.477705,24.0,0.430758
35263.113359,0.493087,0.506913,0.486321,0.934261,0.306596,9740.982321,0.30502,1.242885,0.204616,0.75541,0.0,0.830171,0.820944,235529.770173,316060.686193,60.0,0.459147
82128.925589,0.319834,0.680166,0.508356,0.867442,0.429055,26465.778345,0.136565,1.4014,0.0235,0.576511,0.0,0.927939,0.711894,144050.069224,123514.950417,24.0,0.499946
48286.190624,0.027827,0.972173,0.362962,1.038753,0.390689,16257.396467,0.082703,2.643373,0.238462,0.929657,0.0,0.770295,0.659412,276307.036037,157619.298246,36.0,0.445008
70624.854024,0.273341,0.726659,0.288524,0.833898,0.4365,13926.208068,0.16739,1.782378,0.244178,0.553668,0.0,0.650138,0.6549,69510.024014,271974.557567,60.0,0.419329
37707.11774,0.322554,0.677446,0.50292,0.427711,0.419329,14521.712774,0.027535,2.446131,0.096916,0.990877,0.0,0.614649,0.913504,231089.91125,226510.314338,60.0,0.438991
28087.265933,0.075701,0.924299,0.466046,0.698663,0.403359,1573.328391,0.249473,2.316888,0.323217,0.534105,0.0,0.903595,0.690247,387268.703285,334453.555172,36.0,0.42663
84555.918411,0.387699,0.612301,0.184124,0.61065,0.435214,11773.404416,0.132233,1.807548,0.015725,0.926016,0.0,0.495508,0.457924,96114.948018,472378.241757,60.0,0.415213
32365.092774,0.385872,0.614128,0.617143,0.468531,0.410649,9426.827286,-0.031142,2.946639,0.322832,0.530963,0.0,0.55029,0.422451,314977.880305,265441.950117,48.0,0.57486
78050.951639,0.461775,0.538225,0.554172,0.645459,0.446327,17913.619448,-0.160186,1.50499,0.15313,0.643045,0.0,0.520716,0.497254,336704.831866,419642.331539,36.0,0.527083
16818.229051,0.479916,0.520084,0.121605,0.491366,0.121728,5209.518238,0.097807,2.728982,0.119249,0.841181,0.0,0.974646,0.83697,239572.531199,159857.49833,36.0,0.247002
50529.965256,0.176053,0.823947,0.463153,0.489618,0.142161,8640.861527,-0.036717,1.141735,0.02735,0.891194,0.0,0.578936,0.470756,138394.991886,332625.625782,48.0,0.366683
76599.585381,0.144948,0.855052,0.353777,0.632638,0.407906,4836.896772,-0.098352,2.068848,0.084489,0.75888,0.0,0.766748,0.587344,270339.271421,309295.479901,24.0,0.403488
85269.516437,0.492467,0.507533,0.120979,0.673914,0.186169,30288.688325,-0.258426,1.408467,0.285867,0.664805,0.0,0.854407,0.947392,81191.691459,287293.147971,24.0,0.300081
20307.232188,0.20812,0.79188,0.704086,0.976887,0.277995,1051.626883,0.206331,1.208122,0.173809,0.612623,0.0,0.610155,0.686556,325724.224962,448108.916342,36.0,0.531005
19151.741057,0.386807,0.613193,0.447221,0.959191,0.345041,5653.008454,0.086747,1.104281,0.267989,0.84772,0.0,0.657831,0.6561,106841.946239,263940.19894,48.0,0.526817
40734.422786,0.459034,0.540966,0.159794,0.406532,0.256312,12262.186566,0.265415,2.072435,0.016023,0.900884,0.0,0.923953,0.549953,79340.44306,103794.9271,60.0,0.250391
18278.95711,0.174834,0.825166,0.258759,0.590068,0.320021,3500.064691,-0.214337,1.153608,0.08757,0.771823,0.0,0.696958,0.841131,181365.826765,464342.362886,36.0,0.338507
37703.918596,0.183467,0.816533,0.664831,0.558734,0.414683,4808.892744,0.078993,1.208756,0.121322,0.705417,0.0,0.970338,0.691725,86671.666125,463060.669285,36.0,0.416334
56472.424871,0.061374,0.938626,0.612161,0.423314,0.197585,9945.413182,0.234934,2.90609,0.007451,0.918163,0.0,0.562179,0.752944,162140.368083,485340.519216,24.0,0.39535
60731.07942,0.247679,0.752321,0.350031,0.42887,0.187891,4480.175379,0.001759,1.104519,0.106802,0.770775,0.0,0.608683,0.415595,266971.359376,455131.131569,48.0,0.417254
59321.897002,0.378626,0.621374,0.639006,0.682149,0.261091,17303.631049,0.21479,1.114237,0.038224,0.694055,0.0,0.832778,0.806782,351894.79155,473949.950968,60.0,0.455071
68941.514661,0.384506,0.615494,0.724198,0.703766,0.447562,6569.489505,0.335399,1.5614,0.23891,0.637196,0.0,0.999284,0.862804,160580.472013,319854.705525,24.0,0.503595
42127.11502,0.329615,0.670385,0.626669,0.795199,0.161021,9578.713028,-0.075307,1.529035,0.062575,0.731362,0.0,0.663946,0.679864,388401.06757,281687.322168,36.0,0.495963
58467.774208,0.039773,0.960227,0.458441,1.019641,0.265345,6034.037035,0.250715,1.519082,0.173225,0.613709,0.0,0.504697,0.922744,283032.571352,177722.430587,24.0,0.462541
53003.93894,0.220154,0.779846,0.459715,0.548169,0.434062,21031.351032,0.382698,1.032236,0.295726,0.924704,0.0,0.724265,0.42684,139796.932481,125848.66101,60.0,0.446903
20808.766877,0.102021,0.897979,0.63894,0.842661,0.14356,3549.770291,-0.101841,1.049389,0.212438,0.680143,0.0,0.985059,0.938435,187403.306514,475841.411269,48.0,0.426206
27023.461443,0.022305,0.977695,0.692717,0.416598,0.320983,8734.352568,0.057557,2.561748,0.177864,0.790743,0.0,0.606432,0.528921,342447.101609,93691.801995,36.0,0.481058
89836.563868,0.039222,0.960778,0.708087,0.545978,0.286154,20642.259247,0.083763,1.83616,0.256566,0.923798,0.0,0.716654,0.430859,220591.914237,300268.189747,60.0,0.48997
29626.76963,0.287622,0.712378,0.313645,0.919354,0.442567,2736.218257,-0.079629,2.944794,0.242576,0.722504,0.0,0.974565,0.645955,87094.624338,315391.994211,24.0,0.465555
63999.744552,0.302609,0.697391,0.372253,0.770072,0.392839,3207.187426,0.076331,2.552897,0.142666,0.792378,0.0,0.482884,0.556167,157540.964455,211814.622354,24.0,0.494905
52876.945352,0.074199,0.925801,0.672937,0.528768,0.179372,9603.915749,-0.18326,1.837251,0.267928,0.855691,0.0,0.681916,0.460597,355615.990248,430220.595309,24.0,0.503821
89245.011288,0.066189,0.933811,0.697105,0.987769,0.236941,14361.932174,0.089859,2.423967,0.04166,0.948713,0.0,0.939012,0.754887,269654.061918,497536.323542,24.0,0.435387
84054.278185,0.47496,0.52504,0.510041,0.881453,0.263778,25473.827938,0.19008,2.466886,0.253298,0.794779,0.0,0.892064,0.705624,111767.175529,83269.172976,48.0,0.507635
49014.536652,0.160218,0.839782,0.569647,0.581545,0.375092,4553.716014,0.045305,1.096576,0.181187,0.762597,0.0,0.704937,0.956826,156987.448109,241308.453484,36.0,0.479303
18145.082191,0.472526,0.527474,0.57514,0.679849,0.211825,6384.047727,-0.079943,1.694691,0.057957,0.643922,0.0,0.691981,0.53418,117569.062398,474466.048967,48.0,0.554395
71510.160364,0.462258,0.537742,0.191652,0.534448,0.396801,21592.199406,-0.280855,2.805083,0.33595,0.769915,0.0,0.879395,0.403999,343051.528183,90826.468283,36.0,0.370039
86090.982987,0.213251,0.786749,0.182016,0.695002,0.422938,24665.097934,0.343429,1.239881,0.311108,0.746628,0.0,0.452118,0.482091,154674.087679,360860.54138,48.0,0.501638
70820.81515,0.111221,0.888779,0.201873,0.617969,0.269643,20836.099817,0.170457,1.148177,0.240778,0.946136,0.0,0.423014,0.460263,299735.253379,298944.65665,36.0,0.465667
64584.782033,0.438787,0.561213,0.512423,0.405181,0.165169,9718.951976,0.360214,2.346695,0.09285,0.575717,1.0,0.888321,0.840136,156083.889043,163400.646646,24.0,0.650445
86312.456867,0.428578,0.571422,0.102079,0.44372,0.304053,7200.080596,-0.175319,1.836319,0.092076,0.690145,0.0,0.750339,0.782629,224639.2414,355915.205932,36.0,0.321796
78051.888849,0.43752,0.56248,0.418644,0.809518,0.317288,16965.774259,-0.093208,1.437861,0.337022,0.948409,0.0,0.858362,0.651756,212038.790216,183906.428354,60.0,0.431956
49855.194924,0.159453,0.840547,0.55303,0.858132,0.375315,9646.755553,0.263305,1.978349,0.144201,0.61743,0.0,0.574558,0.704492,362535.60848,408787.715672,24.0,0.537575
39239.401293,0.337495,0.662505,0.62587,0.67638,0.206031,857.51223,0.039854,1.437896,0.222693,0.522814,0.0,0.668582,0.532786,357711.471741,305125.501205,24.0,0.555318
60997.797853,0.164842,0.835158,0.112948,0.869449,0.384796,2202.086642,0.193311,2.824457,0.268395,0.776447,0.0,0.792959,0.711189,183113.235549,163344.721897,36.0,0.397337
44664.471667,0.35891,0.64109,0.204913,0.643022,0.25642,9878.908746,-0.125907,1.027282,0.295919,0.877561,0.0,0.715933,0.7009,329056.776947,97759.770497,48.0,0.359093
32250.392939,0.386206,0.613794,0.277098,0.480368,0.378738,8453.162862,-0.208165,2.481051,0.0945,0.542458,0.0,0.444334,0.833268,319211.237349,254459.609899,24.0,0.439654
55627.346526,0.459487,0.540513,0.482327,0.654231,0.394386,19120.299625,0.24934,1.850305,0.260219,0.651077,0.0,0.675343,0.459808,389549.212181,322004.496291,60.0,0.508849
21979.679627,0.483443,0.516557,0.414177,0.989983,0.295957,2150.615273,-0.287951,1.99407,0.137776,0.686369,0.0,0.727949,0.464983,136180.692438,489580.049891,60.0,0.54889
48531.396484,0.238403,0.761597,0.301896,0.493451,0.327872,1623.560431,0.09262,1.415364,0.329733,0.796705,0.0,0.450333,0.641917,344943.934686,299830.381004,36.0,0.388692
52006.330631,0.205929,0.794071,0.64231,0.423731,0.347369,12455.102014,0.31,1.53629,0.073228,0.781205,0.0,0.693236,0.699889,386221.596462,179010.521883,60.0,0.473211
53582.333674,0.429326,0.570674,0.152932,0.468279,0.350754,8052.054124,0.229821,1.324186,0.261852,0.583098,0.0,0.662561,0.98315,73281.062253,258156.534493,36.0,0.341204
54344.182138,0.069933,0.930067,0.371796,0.406018,0.158802,21645.164113,0.20396,2.760452,0.094888,0.661193,0.0,0.933727,0.738286,116421.528668,201882.647721,36.0,0.314547
86399.65224,0.185627,0.814373,0.406872,0.536901,0.228958,25808.068276,0.397331,2.855683,0.057483,0.857541,0.0,0.684322,0.590613,120936.765605,277607.243271,24.0,0.377552
29075.582027,0.347023,0.652977,0.315173,0.43972,0.274669,1819.585062,-0.054683,2.118312,0.07911,0.814411,0.0,0.956728,0.564748,339056.50638,444599.12657,48.0,0.299551
72524.162943,0.467154,0.532846,0.51704,0.531682,0.315571,2987.307489,-0.148491,1.356651,0.197281,0.563352,0.0,0.713391,0.786898,190201.815458,321775.399031,48.0,0.491951
70294.914472,0.307944,0.692056,0.236049,0.401736,0.196504,6085.94973,0.350683,2.229847,0.050167,0.737732,0.0,0.400148,0.446672,389746.303542,137529.469393,60.0,0.380587
50376.680825,0.151279,0.848721,0.256502,0.65561,0.375393,14231.303347,-0.051506,2.677299,0.11094,0.5391,0.0,0.763229,0.52834,116479.545992,346183.351056,48.0,0.407272
77990.707776,0.280243,0.719757,0.612827,0.845489,0.304109,13583.278851,-0.056274,1.050591,0.127991,0.733038,0.0,0.802023,0.837095,132685.186638,315113.489539,36.0,0.475316
28425.420001,0.373814,0.626186,0.387352,0.741902,0.121853,3529.194386,-0.234124,1.737735,0.088816,0.960782,1.0,0.764065,0.420117,153483.482139,281068.644876,24.0,0.725672
89680.33863,0.352132,0.647868,0.137198,0.771918,0.130041,25757.251964,0.029567,2.215093,0.159068,0.586885,0.0,0.849962,0.788529,245499.694605,123632.658691,48.0,0.26913
82069.885161,0.076596,0.923404,0.666094,0.485571,0.258459,27765.986464,-0.260766,2.274956,0.021814,0.548738,0.0,0.72645,0.990042,126022.008678,337881.591989,24.0,0.391729
65399.319184,0.449833,0.550167,0.209989,1.041076,0.358305,9581.172096,-0.29008,2.328991,0.145733,0.833861,0.0,0.43689,0.515764,318839.64457,141955.857472,48.0,0.49046
48254.915314,0.137763,0.862237,0.428553,0.512429,0.366453,16172.339494,-0.297743,1.547526,0.12274,0.670726,0.0,0.740904,0.817775,252504.358115,274462.25626,24.0,0.430421
28687.57285,0.043209,0.956791,0.507306,0.41307,0.175881,119.78444,0.146562,1.920698,0.307019,0.971619,0.0,0.584669,0.808534,380503.522057,443126.08123,36.0,0.37142
43448.284253,0.143538,0.856462,0.467276,0.669089,0.395641,4741.066767,-0.160543,2.958556,0.090774,0.719799,0.0,0.455447,0.613092,183628.487428,404395.628643,60.0,0.529403
66527.990493,0.085237,0.914763,0.480395,0.501208,0.307675,26445.026212,0.003697,2.292016,0.238706,0.644345,0.0,0.605309,0.981094,247547.810094,392115.349722,48.0,0.372661
73005.674674,0.129107,0.870893,0.120441,0.474944,0.33725,5444.048071,-0.202129,2.173642,0.130299,0.688955,0.0,0.753034,0.42031,298438.016441,344378.273418,24.0,0.275116
50662.194156,0.168336,0.831664,0.221622,0.632703,0.173706,11080.391438,0.226432,1.878017,0.215814,0.796787,0.0,0.816699,0.838573,221014.505205,182307.264552,48.0,0.318677
51191.819429,0.200577,0.799423,0.703843,0.552297,0.428469,18979.60076,-0.224501,1.851788,0.094276,0.788744,0.0,0.755846,0.498416,116570.809436,206244.761589,36.0,0.566998
57599.120597,0.069775,0.930225,0.61257,0.43497,0.149832,18267.294799,-0.200977,1.692205,0.138598,0.730294,0.0,0.795165,0.520244,118503.267634,209161.23624,36.0,0.383796
30249.148628,0.045083,0.954917,0.545064,0.949684,0.243505,5775.700923,-0.058702,1.941601,0.240375,0.84939,0.0,0.9477,0.801062,342657.977325,376614.122256,24.0,0.428192
38876.752386,0.467631,0.532369,0.312623,0.584076,0.342667,13570.844747,0.117857,2.06823,0.121404,0.834938,0.0,0.982135,0.416138,361099.963836,154827.213604,36.0,0.37555
40488.821325,0.411619,0.588381,0.588595,0.994481,0.33304,2236.276965,-0.168421,1.422465,0.15239,0.669793,0.0,0.792427,0.655427,156887.802227,242462.516603,60.0,0.494158
86888.45591,0.210868,0.789132,0.543521,0.942251,0.273424,2872.201191,0.180246,1.20281,0.301863,0.901775,0.0,0.407335,0.591415,255391.951296,241275.919886,60.0,0.537151
64036.292709,0.335097,0.664903,0.135432,0.676238,0.364881,2970.218916,0.264988,2.816422,0.175722,0.890502,0.0,0.827214,0.906501,390401.883156,126902.298405,36.0,0.362466
54878.372155,0.191736,0.808264,0.197752,0.619125,0.428278,12954.654782,-0.161671,2.62567,0.25467,0.727495,0.0,0.429126,0.569028,101327.491515,285640.992919,48.0,0.403733
59949.616875,0.184648,0.815352,0.538748,0.898442,0.127765,6408.266788,-0.094732,1.83412,0.15637,0.648842,0.0,0.421369,0.46701,308847.466502,303132.784741,60.0,0.525843
21303.514467,0.047286,0.952714,0.511398,0.680215,0.21065,8281.551864,0.182294,1.488201,0.28895,0.917459,0.0,0.839613,0.714135,215862.653507,112145.180383,48.0,0.375009
60701.51175,0.361905,0.638095,0.16573,0.733211,0.359382,8201.326412,0.145719,1.603972,0.140259,0.591965,0.0,0.84806,0.832956,312512.871028,113298.977997,60.0,0.386184
74523.359607,0.285448,0.714552,0.500128,0.750452,0.381929,20695.349762,-0.265818,2.146672,0.075323,0.967739,0.0,0.564872,0.813318,123142.580495,290656.495556,24.0,0.508527
83230.980736,0.339104,0.660896,0.364669,0.412167,0.256727,4320.251977,-0.113063,2.198159,0.341564,0.65908,0.0,0.532794,0.410844,170367.003643,106763.432598,48.0,0.467935
60698.711552,0.230322,0.769678,0.4869,0.751948,0.276949,13539.627534,-0.059934,1.639286,0.28792,0.575889,0.0,0.912614,0.699385,240961.724499,151405.632367,60.0,0.409048
17419.988249,0.426146,0.573854,0.5104,0.764862,0.233949,1446.215798,0.389408,1.738383,0.102138,0.657669,0.0,0.804701,0.417739,272453.317187,150028.408186,48.0,0.486642
46154.474614,0.38247,0.61753,0.284527,0.883634,0.446594,6928.420542,0.076315,1.756858,0.332087,0.561747,0.0,0.63745,0.526783,97615.140632,201526.569985,36.0,0.536882
88828.703203,0.489448,0.510552,0.328816,0.541539,0.417151,9909.009529,0.23935,2.260551,0.232482,0.843422,0.0,0.779874,0.781727,230783.58771,303653.527384,36.0,0.438223
52112.491069,0.231957,0.768043,0.392146,1.000542,0.178617,6011.85977,0.072866,1.66811,0.162408,0.586135,0.0,0.944369,0.630012,282055.442051,489183.904496,60.0,0.386751
17178.074765,0.112096,0.887904,0.427185,0.452329,0.308293,2808.788857,-0.284016,2.219625,0.058261,0.812748,0.0,0.810618,0.971108,67724.635248,332563.886874,60.0,0.327001
79757.870432,0.425155,0.574845,0.339892,0.968523,0.17782,29897.744587,0.34497,1.645448,0.102544,0.947223,0.0,0.524204,0.676708,143315.970096,333364.574509,36.0,0.531651
87960.396555,0.250107,0.749893,0.492604,0.615319,0.423651,5603.660806,0.023549,2.924948,0.002409,0.516161,0.0,0.806123,0.920238,398481.74706,442110.96765,24.0,0.425579
86818.111237,0.441679,0.558321,0.565267,0.794535,0.446439,24821.791658,0.006965,2.655508,0.020925,0.905831,0.0,0.896985,0.83509,73568.196323,247760.364123,60.0,0.470071
24304.263501,0.072992,0.927008,0.636399,0.889826,0.156889,1642.515824,-0.010975,1.679669,0.319541,0.897777,0.0,0.526051,0.458275,278292.094289,111109.213326,60.0,0.591466
71773.543317,0.171221,0.828779,0.31493,0.692745,0.205114,7903.673302,-0.274979,1.280042,0.182623,0.51297,0.0,0.928102,0.738124,302693.064056,208798.346794,36.0,0.338162
37855.602284,0.356539,0.643461,0.200387,0.923379,0.162423,9198.14549,0.301403,1.514612,0.079771,0.92546,0.0,0.749938,0.489018,64102.683575,232947.953812,60.0,0.405276
82500.300614,0.486202,0.513798,0.481638,0.725712,0.292701,12473.343907,0.348258,2.296753,0.304774,0.741026,0.0,0.690399,0.627923,287373.237773,107196.090399,36.0,0.485741
31823.249208,0.139158,0.860842,0.613028,0.822498,0.237645,5846.84372,0.338892,2.812604,0.293992,0.922873,0.0,0.869852,0.714471,137646.248878,165062.593465,24.0,0.464538
22413.001518,0.164758,0.835242,0.459635,0.74759,0.364615,7823.174029,0.379306,1.11195,0.198346,0.623986,0.0,0.553643,0.843661,294497.673052,353339.030595,36.0,0.458651
68803.524444,0.088715,0.911285,0.272746,0.58036,0.365226,20182.475019,0.342227,2.812282,0.046392,0.65138,0.0,0.524639,0.546364,318971.368504,280458.567701,24.0,0.413379
73605.944021,0.159429,0.840571,0.227677,0.475664,0.147517,5811.814692,0.079658,1.429988,0.170531,0.784665,0.0,0.749028,0.916683,97918.126619,452337.342992,36.0,0.280414
62619.941429,0.377772,0.622228,0.263636,0.66466,0.209345,15808.484199,-0.069952,1.966559,0.099314,0.82264,0.0,0.55852,0.719314,175988.37654,364693.872748,48.0,0.419419
23360.254379,0.378306,0.621694,0.104236,0.980689,0.288151,4632.692839,-0.174843,2.520876,0.235542,0.547284,0.0,0.917218,0.605459,293566.035503,425474.226301,36.0,0.406208
72213.94861,0.106608,0.893392,0.30801,0.74476,0.153963,8667.447959,0.126669,2.142017,0.054109,0.578194,0.0,0.859838,0.871487,349801.4767,336251.756387,36.0,0.295079
53734.97228,0.236888,0.763112,0.370991,0.872204,0.195479,5649.811356,0.354031,2.668878,0.129777,0.653116,0.0,0.836026,0.897539,167217.859871,209367.091496,60.0,0.40885
15425.439568,0.469994,0.530006,0.365712,0.819765,0.166177,2819.089888,-0.108055,2.637066,0.070775,0.831027,0.0,0.553558,0.899531,68050.859343,259549.30553,60.0,0.427316
56997.919645,0.099726,0.900274,0.426913,0.956662,0.155255,5543.339864,-0.072162,1.959365,0.252442,0.734936,0.0,0.98268,0.4276,284202.200119,368876.405679,60.0,0.39933
89019.689824,0.293057,0.706943,0.136474,0.62275,0.297506,15600.678315,-0.101035,1.943682,0.308297,0.536994,0.0,0.986307,0.839469,340265.637574,447059.258991,48.0,0.292762
57137.728867,0.219131,0.780869,0.45528,0.829449,0.303703,18679.694705,0.182699,1.280935,0.269467,0.935363,0.0,0.819551,0.843435,385448.047147,231716.437341,60.0,0.47312
31110.961242,0.160634,0.839366,0.335432,0.52934,0.440575,3223.416917,0.122532,2.865362,0.049094,0.82112,0.0,0.656399,0.883639,331352.979961,429303.267165,24.0,0.409805
53419.625186,0.008101,0.991899,0.120855,0.727738,0.383432,16883.539715,0.044407,2.149631,0.222031,0.867217,0.0,0.739184,0.984537,325399.991558,303340.223629,24.0,0.324682
50133.509679,0.325087,0.674913,0.147504,0.84457,0.389859,9339.174309,0.322549,2.988699,0.053272,0.665215,0.0,0.509004,0.745134,214376.007314,408067.42408,60.0,0.464528
45109.955133,0.146907,0.853093,0.353466,0.40555,0.226387,2715.527638,0.298902,2.168753,0.268723,0.766182,0.0,0.792168,0.520199,339318.415339,468649.749823,36.0,0.316001
26121.285263,0.154241,0.845759,0.446724,1.013922,0.133019,1330.341825,-0.056036,1.138534,0.304695,0.964233,0.0,0.7949,0.521021,115518.229188,496221.523388,36.0,0.517464
31292.685702,0.177672,0.822328,0.684272,0.685767,0.395272,4695.329075,0.010767,2.487885,0.258969,0.690208,0.0,0.668087,0.639507,129914.97101,239812.053054,24.0,0.500894
28132.258788,0.456642,0.543358,0.179107,0.891794,0.159718,5503.889931,0.123394,2.499365,0.110908,0.595491,0.0,0.991091,0.879875,182351.882923,187219.505412,24.0,0.363034
16210.909527,0.190015,0.809985,0.72502,0.465043,0.23893,2010.034279,-0.254286,2.891881,0.228201,0.614679,0.0,0.820728,0.79026,335457.604174,447895.562932,24.0,0.487033
35603.709703,0.32368,0.67632,0.191478,0.561849,0.306311,1822.173694,-0.190969,2.39014,0.266801,0.530591,0.0,0.881428,0.919807,284723.744688,236115.696426,60.0,0.330189
46442.936234,0.087319,0.912681,0.198397,0.926121,0.34066,6781.932125,0.347468,2.573114,0.010493,0.602038,0.0,0.642193,0.62391,346084.496157,341203.699223,24.0,0.4319
39868.653544,0.44441,0.55559,0.666818,0.993825,0.135345,6012.779357,0.118955,2.050409,0.05536,0.507469,1.0,0.938313,0.455274,395985.112805,127212.447724,60.0,0.823563
49832.498981,0.207538,0.792462,0.38627,0.956995,0.38711,14.384217,0.03337,2.799098,0.089902,0.661438,0.0,0.723992,0.974143,287266.863164,120487.281834,60.0,0.458624
78897.635362,0.098144,0.901856,0.184375,1.012488,0.194432,2593.806607,-0.233648,1.807677,0.310421,0.552614,0.0,0.535734,0.510776,284185.582119,218022.818702,60.0,0.467837
53993.769428,0.288584,0.711416,0.593931,0.48561,0.259267,14280.311625,0.105558,2.869249,0.011979,0.953007,0.0,0.631018,0.428811,127284.691878,156512.437359,36.0,0.492138
77653.431927,0.118915,0.881085,0.107613,0.712505,0.403035,5831.718861,0.308668,2.94156,0.14198,0.996349,0.0,0.671916,0.557683,209553.419054,392883.380333,48.0,0.344408
81939.513303,0.127642,0.872358,0.416781,0.756786,0.338872,21894.653716,-0.060337,2.038146,0.022091,0.682711,0.0,0.785376,0.978852,102917.577566,175392.523479,60.0,0.418467
24020.830812,0.356348,0.643652,0.325956,0.694167,0.302589,9027.495445,0.376405,2.94336,0.063914,0.910013,0.0,0.931375,0.706543,108180.864495,365841.233978,24.0,0.341881
70844.684888,0.262787,0.737213,0.465874,0.744865,0.135508,15108.514784,0.07762,2.387389,0.349011,0.583377,0.0,0.49525,0.808238,275868.495521,440755.14212,36.0,0.520457
71332.813603,0.076026,0.923974,0.496283,0.957892,0.211879,27364.88697,0.364229,1.592993,0.315335,0.986004,0.0,0.936247,0.680802,106280.758421,474020.198628,24.0,0.413562
68125.579407,0.33406,0.66594,0.576749,0.78609,0.142049,20578.545695,-0.201788,1.961864,0.056089,0.986048,0.0,0.985873,0.987008,193021.012003,146966.064508,60.0,0.383171
29502.847334,0.417165,0.582835,0.726182,0.579542,0.414571,1457.103405,0.217758,2.888682,0.053146,0.721691,0.0,0.803343,0.856351,63661.472473,129262.645533,48.0,0.489979
72874.352277,0.299223,0.700777,0.384877,0.934456,0.298616,17782.382558,-0.192426,2.760454,0.263988,0.860003,0.0,0.925141,0.969693,73930.354936,431950.527238,48.0,0.376266
49989.426337,0.292489,0.707511,0.549434,0.916396,0.370292,4491.71821,-0.227865,2.995211,0.211161,0.799523,0.0,0.61753,0.921617,286069.607646,431417.829206,60.0,0.516683
62854.493058,0.432584,0.567416,0.570634,0.579313,0.203051,12767.596761,-0.006248,2.672592,0.34408,0.541547,0.0,0.460679,0.883595,142533.034527,287889.954693,60.0,0.529815
22797.409034,0.390461,0.609539,0.464436,0.944318,0.244021,4732.439234,0.34767,1.765174,0.210582,0.795172,0.0,0.87616,0.972443,255712.678375,129338.812724,36.0,0.429989
65445.704558,0.451895,0.548105,0.355934,0.883801,0.23461,20632.055522,0.296563,2.14669,0.182968,0.970099,0.0,0.887896,0.776871,324394.462457,361008.713554,24.0,0.396643
28555.326699,0.315261,0.684739,0.28998,0.667894,0.129364,5215.609555,0.323661,1.717178,0.239054,0.676189,0.0,0.979353,0.565979,326461.33271,216295.209322,48.0,0.365576
27044.408289,0.279239,0.720761,0.521386,0.881458,0.368595,8448.329416,-0.179559,1.999673,0.031104,0.675902,0.0,0.722941,0.883093,388407.23304,212944.341064,48.0,0.444254
69145.550033,0.319726,0.680274,0.423175,0.521025,0.24629,7320.588514,0.195177,1.701188,0.282064,0.94789,0.0,0.852863,0.975585,169738.324325,126821.853069,48.0,0.395905
67517.122575,0.280243,0.719757,0.449865,0.658681,0.34956,5364.089883,-0.23662,2.195939,0.306927,0.702319,0.0,0.558022,0.829533,241161.435845,246637.830554,60.0,0.43445
86705.621892,0.407287,0.592713,0.291043,0.770569,0.14713,34662.788235,0.009775,1.081546,0.191796,0.833761,0.0,0.564273,0.696696,343304.308029,492970.163762,36.0,0.482971
48026.692633,0.405763,0.594237,0.292916,1.026984,0.402985,9284.007081,0.007265,2.112645,0.34943,0.59612,0.0,0.511635,0.711143,195869.723806,321691.883007,60.0,0.569602
68005.944638,0.490958,0.509042,0.271312,0.640649,0.417017,25486.510943,-0.075892,1.714148,0.335332,0.567246,0.0,0.915967,0.991753,143944.421191,306075.678491,36.0,0.337924
83810.95904,0.492752,0.507248,0.447984,0.468125,0.392677,7637.673424,-0.05616,2.404289,0.341773,0.910539,0.0,0.534378,0.56148,344448.55927,273300.32587,60.0,0.502258
47713.818773,0.476582,0.523418,0.463973,0.763347,0.13899,6634.188548,0.307304,1.29576,0.238702,0.532706,0.0,0.831321,0.741852,382099.383211,385659.410593,60.0,0.428557
72327.389685,0.066678,0.933322,0.530171,0.601386,0.350078,8814.135909,-0.137205,2.596833,0.177784,0.703571,0.0,0.85978,0.988107,259536.636672,442348.310224,24.0,0.400797
41876.213544,0.059842,0.940158,0.499003,0.744352,0.361026,12270.674242,-0.12584,2.203051,0.265587,0.58967,0.0,0.508743,0.789644,228291.517256,130190.040166,24.0,0.463735
45266.64643,0.350464,0.649536,0.623194,0.647839,0.276554,15341.147927,-0.171907,1.622391,0.062094,0.71518,0.0,0.551208,0.454441,148571.892951,164255.063498,48.0,0.596131
62475.549438,0.16986,0.83014,0.440514,0.41326,0.320033,24540.648791,-0.258598,1.746294,0.05898,0.9818,0.0,0.717473,0.402797,190816.19683,91614.494592,48.0,0.449232
86678.377598,0.094241,0.905759,0.218161,0.541943,0.233932,30236.78452,0.33883,2.199437,0.200895,0.945718,0.0,0.823821,0.927803,120347.283874,142516.89674,60.0,0.240533
17908.071094,0.268795,0.731205,0.711458,0.924683,0.22285,2087.586422,-0.055662,1.360834,0.181471,0.950115,0.0,0.698591,0.762102,399096.247915,466399.638815,60.0,0.591095
56098.532545,0.194423,0.805577,0.175648,0.7604,0.231654,8205.947723,-0.132384,2.635171,0.065919,0.702142,0.0,0.614993,0.949966,373182.380373,420581.092345,24.0,0.374445
21821.510566,0.327402,0.672598,0.465948,0.856434,0.292152,6606.885408,0.150239,1.565123,0.047416,0.881761,0.0,0.575775,0.775804,197440.949142,238368.118216,60.0,0.450034
22823.887647,0.280626,0.719374,0.298833,1.044987,0.374344,7037.451201,0.189231,2.0551,0.014571,0.97339,0.0,0.584272,0.752482,366093.957232,307970.553285,48.0,0.510659
55071.90989,0.023604,0.976396,0.222355,1.026722,0.137304,18182.415226,0.311594,2.47708,0.183395,0.589145,0.0,0.622494,0.81951,369625.114448,121433.308512,36.0,0.442106
68430.793427,0.036482,0.963518,0.234379,0.816274,0.125146,25239.639902,-0.155779,2.378779,0.323509,0.502369,0.0,0.544232,0.888183,342643.373105,493448.825288,60.0,0.425448
42883.783309,0.418894,0.581106,0.192085,0.560013,0.340616,15128.451704,-0.004012,2.141079,0.30231,0.813095,0.0,0.522926,0.927209,310455.413242,194498.273372,24.0,0.393562
46022.989029,0.139043,0.860957,0.630871,0.717341,0.318043,11534.04398,-0.023172,2.392004,0.157195,0.831482,0.0,0.533785,0.782558,99194.656566,458931.199106,60.0,0.479881
55270.477903,0.083683,0.916317,0.720956,0.864765,0.349356,6296.562836,-0.099493,2.711016,0.091525,0.880495,0.0,0.636944,0.93136,128722.876631,116331.286378,60.0,0.497119
53866.916855,0.017848,0.982152,0.172414,0.42472,0.248061,1801.482709,0.185532,1.134801,0.152582,0.685451,0.0,0.843008,0.665214,321503.031954,358408.240021,36.0,0.27583
69368.261798,0.021879,0.978121,0.199262,0.958667,0.202765,4870.45681,0.023425,2.803126,0.01975,0.690017,1.0,0.968093,0.703357,136580.103208,343429.72399,48.0,0.606473
64350.916252,0.219436,0.780564,0.145099,0.559754,0.294424,14333.603696,-0.199646,2.928353,0.01985,0.842381,0.0,0.645955,0.720564,270319.316573,151364.40161,48.0,0.309305
25761.485753,0.051896,0.948104,0.347789,0.765763,0.388523,7921.09458,-0.216251,1.449036,0.2199,0.781819,0.0,0.444354,0.789318,369675.895587,473628.593385,60.0,0.45345
61203.681856,0.224836,0.775164,0.543873,0.798196,0.233898,24187.143739,0.018489,2.838853,0.053598,0.768227,0.0,0.616081,0.486644,276611.69282,153228.327069,60.0,0.567558
81145.311758,0.184039,0.815961,0.623543,0.493589,0.271778,23067.529163,0.079049,1.453971,0.140781,0.920068,1.0,0.611765,0.965129,203187.822703,255444.762956,60.0,0.744505
48291.966628,0.194221,0.805779,0.311907,0.659274,0.358692,3977.617675,-0.148128,1.38193,0.068111,0.936803,0.0,0.795596,0.771326,366120.471936,310246.316807,60.0,0.347627
38017.423719,0.196415,0.803585,0.452839,0.694008,0.418543,14533.800183,0.309078,1.824236,0.069793,0.668842,0.0,0.933955,0.795791,378621.471941,261349.204002,60.0,0.355303
30483.996115,0.283696,0.716304,0.739361,0.84241,0.373849,7819.000401,0.102548,2.601674,0.052739,0.658245,0.0,0.547419,0.843079,319290.891712,284407.694882,24.0,0.599815
74022.169224,0.042875,0.957125,0.660462,0.434289,0.401358,9276.277077,0.331263,1.406014,0.052711,0.606506,1.0,0.904407,0.617764,369143.505747,325048.378854,60.0,0.709681
50631.54992,0.351802,0.648198,0.165975,0.765227,0.41727,3078.740388,-0.00937,2.06461,0.216401,0.57914,0.0,0.731393,0.681741,394323.026803,369784.759105,36.0,0.443144
64790.181748,0.073323,0.926677,0.591188,0.488139,0.245713,9831.774129,-0.180679,1.039908,0.240843,0.908976,0.0,0.958565,0.750935,121823.446245,455474.978151,60.0,0.418936
57508.725455,0.442802,0.557198,0.676219,0.444778,0.164531,6903.451866,-0.024469,1.298972,0.347514,0.895484,0.0,0.801342,0.976945,169037.518497,378791.436203,24.0,0.420147
88767.818771,0.247375,0.752625,0.48371,1.044606,0.240521,8973.211257,0.059396,2.964073,0.316498,0.511722,0.0,0.591141,0.500129,280797.739485,374216.251737,48.0,0.557314
47471.225413,0.020228,0.979772,0.593847,0.697757,0.146481,10467.863084,-0.208545,2.956497,0.218459,0.867321,0.0,0.411527,0.628403,367541.838883,239607.111984,24.0,0.535
35271.276699,0.187571,0.812429,0.43318,1.045874,0.26009,9978.674758,-0.207362,1.692478,0.091556,0.596452,0.0,0.568985,0.449984,212957.235369,362159.327683,48.0,0.576636
82186.435748,0.011504,0.988496,0.595341,0.557925,0.178445,2135.505047,0.100336,1.473891,0.030585,0.537706,0.0,0.833864,0.841902,175985.834717,461742.799128,24.0,0.325965
61959.478389,0.435675,0.564325,0.667711,0.910986,0.154925,3023.087094,0.192903,1.399043,0.261122,0.540578,0.0,0.455022,0.970835,61305.985951,412468.946486,36.0,0.542583
68773.43823,0.19345,0.80655,0.225215,0.931408,0.353718,13625.40402,0.194392,1.938421,0.256048,0.795906,0.0,0.916539,0.66551,232578.693644,113414.485707,36.0,0.369599
80863.248636,0.287717,0.712283,0.180607,0.895083,0.182106,27448.748488,0.2294,1.455431,0.138134,0.91802,0.0,0.578032,0.647369,277802.291937,171668.455594,48.0,0.454274
70158.236571,0.265275,0.734725,0.72929,0.563584,0.368918,1814.385658,-0.256052,1.688447,0.25652,0.809923,0.0,0.890622,0.447971,319907.494676,380766.078735,24.0,0.553838
65587.584128,0.159199,0.840801,0.69441,0.853749,0.319817,25167.165474,0.098441,2.454298,0.111672,0.679056,0.0,0.886579,0.622266,162084.039744,285416.73207,36.0,0.489512
27791.470462,0.345432,0.654568,0.671984,0.610839,0.382763,10507.545212,-0.017731,2.737365,0.162537,0.576342,0.0,0.842716,0.631338,382875.595751,446811.939169,48.0,0.495131
80268.787909,0.074692,0.925308,0.382348,0.931313,0.41877,4849.475781,0.36223,1.433988,0.005736,0.736144,0.0,0.562534,0.518654,229089.628111,146492.86231,48.0,0.464621
51490.107853,0.361865,0.638135,0.715765,0.503883,0.439803,1230.82812,0.373008,1.133812,0.113149,0.73835,0.0,0.573593,0.541091,380734.915942,417521.259419,60.0,0.550318
86764.253625,0.315754,0.684246,0.301898,0.802012,0.321837,20792.734772,0.070746,1.682194,0.130674,0.844257,0.0,0.47688,0.739197,220997.834813,87438.110767,48.0,0.462237
30709.199167,0.1631,0.8369,0.666718,0.603149,0.422194,11946.220854,0.250764,2.109991,0.202027,0.66553,0.0,0.516627,0.47628,169423.135711,345726.327303,36.0,0.597732
60704.033731,0.406661,0.593339,0.466144,0.978862,0.223442,21385.500859,-0.0311,1.296711,0.112579,0.764618,0.0,0.677614,0.940258,382029.056741,385687.267868,24.0,0.484493
73307.491351,0.395641,0.604359,0.193004,0.951052,0.139477,7230.629184,0.143149,1.654429,0.288693,0.741277,0.0,0.487672,0.563655,168812.127745,493819.519072,36.0,0.501891
63438.118317,0.478863,0.521137,0.178236,0.876723,0.362713,4946.728914,0.259194,1.564913,0.276748,0.711496,0.0,0.891152,0.406548,148735.878985,140505.032274,24.0,0.379145
63299.120979,0.210712,0.789288,0.604268,1.045437,0.267406,9672.598327,-0.190115,1.888279,0.10993,0.968451,0.0,0.673566,0.518668,266224.440293,199600.367013,36.0,0.544975
16271.716388,0.026212,0.973788,0.410116,0.492139,0.394495,2440.946513,-0.282174,1.868519,0.113359,0.588999,0.0,0.767849,0.856319,278831.132324,216085.947734,24.0,0.391376
19189.438777,0.358635,0.641365,0.141521,0.444132,0.170018,4012.7464,0.358086,1.470027,0.264131,0.98616,0.0,0.602895,0.647585,315289.235589,286831.394644,24.0,0.337765
63136.403108,0.197995,0.802005,0.63485,0.929337,0.268004,2910.56666,0.337997,1.521509,0.083743,0.822379,0.0,0.734611,0.43149,346583.681532,174718.345113,24.0,0.492561
71889.580693,0.474983,0.525017,0.189488,0.607648,0.247883,18240.704286,-0.022934,2.020494,0.101374,0.511757,0.0,0.828845,0.648963,83106.92246,164052.248952,24.0,0.313946
58705.438911,0.003576,0.996424,0.478029,0.639277,0.416531,3855.284306,-0.151055,2.07246,0.32032,0.872127,0.0,0.56885,0.733758,233699.072093,147142.595132,36.0,0.494903
34220.867009,0.097886,0.902114,0.355211,0.822801,0.269044,6098.75316,0.377414,2.343693,0.269506,0.602295,0.0,0.467616,0.632471,96288.072411,471895.087117,36.0,0.453918
57765.523159,0.373637,0.626363,0.538234,0.976324,0.389894,8339.916389,-0.261943,2.252235,0.198396,0.94219,0.0,0.5514,0.70666,165366.532238,170897.893074,36.0,0.615205
30476.452466,0.473398,0.526602,0.312783,1.039749,0.318598,2014.58237,0.044178,2.12166,0.09987,0.993391,0.0,0.914415,0.549111,269565.906647,451453.189404,24.0,0.463545
79287.448308,0.473394,0.526606,0.29724,0.647924,0.307477,5058.133125,-0.262524,1.430617,0.066775,0.711583,0.0,0.925867,0.44566,201945.590244,89405.70373,24.0,0.419239
37653.758605,0.131363,0.868637,0.676785,0.920362,0.18754,13847.642043,0.220982,2.363657,0.010629,0.965522,0.0,0.685903,0.408606,89272.392291,178617.185736,48.0,0.528384
67715.754637,0.239862,0.760138,0.199642,0.442353,0.343746,809.829362,0.048196,2.660902,0.144348,0.986454,0.0,0.746056,0.42642,81423.483388,403203.88189,48.0,0.359234
68915.312781,0.101349,0.898651,0.536308,1.026073,0.182063,19011.67286,0.267248,2.991675,0.015443,0.781606,0.0,0.914199,0.735367,299001.95782,412624.784538,24.0,0.420643
21631.199977,0.183649,0.816351,0.453984,0.642624,0.417601,6283.418881,0.078537,1.641422,0.22376,0.703501,0.0,0.748127,0.623266,394394.349144,402271.581313,36.0,0.489243
71374.442143,0.247255,0.752745,0.334214,0.680612,0.31871,25260.053061,-0.067037,1.717337,0.163294,0.876852,0.0,0.91708,0.498566,74536.949223,292668.208969,36.0,0.405938
55515.828114,0.416007,0.583993,0.619178,0.490689,0.389365,4570.346949,0.18525,1.163487,0.146642,0.55594,0.0,0.70083,0.425187,95297.206757,81697.008513,36.0,0.53415
66300.801733,0.393862,0.606138,0.311567,0.943705,0.243196,24847.632792,0.066185,2.638722,0.076675,0.675567,0.0,0.644799,0.850939,96185.053563,348997.125852,60.0,0.417125
67045.712748,0.376659,0.623341,0.680569,1.030032,0.383979,13280.492955,0.341091,2.389875,0.107295,0.8779,0.0,0.581715,0.525546,277004.529333,479651.240126,36.0,0.588926
17332.308309,0.060538,0.939462,0.604444,0.446368,0.203633,6593.29783,-0.004658,1.715029,0.14105,0.848909,0.0,0.580129,0.632648,130872.457648,259980.029762,60.0,0.465635
59500.214071,0.339559,0.660441,0.424997,0.628473,0.204408,11271.660774,0.258482,2.505836,0.269426,0.711351,0.0,0.752275,0.928381,382701.58522,367636.231675,24.0,0.386359
87207.619522,0.379525,0.620475,0.263902,0.459832,0.200979,28974.90816,0.141909,1.188011,0.132948,0.668691,0.0,0.762165,0.681568,169776.652346,312102.821815,60.0,0.311013
45795.531959,0.005147,0.994853,0.660766,0.907543,0.428728,8141.162791,0.051451,1.92636,0.243996,0.694089,0.0,0.954988,0.792221,76563.058541,325977.646034,60.0,0.456872
48879.444912,0.426778,0.573222,0.490728,0.677376,0.346646,18937.163326,-0.246226,1.964292,0.087165,0.693652,1.0,0.846718,0.792323,120054.745843,238222.235877,48.0,0.743333
28700.834973,0.170035,0.829965,0.6496,0.548676,0.26674,8045.188754,0.338159,1.203075,0.048722,0.870178,0.0,0.968003,0.737662,208953.080093,234003.770304,60.0,0.354231
54388.141538,0.346906,0.653094,0.169113,0.707878,0.212038,12123.803322,-0.004421,1.130351,0.091971,0.974331,0.0,0.614586,0.640796,372553.313395,460778.820885,36.0,0.340095
27149.649162,0.28521,0.71479,0.389966,1.047738,0.243195,2856.215671,-0.253227,2.579996,0.064929,0.706628,0.0,0.7358,0.539349,110111.658589,135950.225246,60.0,0.43236
19499.548959,0.394044,0.605956,0.532842,0.780622,0.122923,6866.841395,-0.204057,2.841463,0.301205,0.900613,0.0,0.5132,0.684856,222769.680119,121599.745843,60.0,0.540113
62027.234663,0.429346,0.570654,0.533604,0.9576,0.167983,18869.131936,0.034382,2.979734,0.025407,0.582366,0.0,0.776165,0.648105,272711.989008,473795.590659,48.0,0.488928
71427.8212,0.021454,0.978546,0.356509,0.525194,0.359743,10676.523107,0.01488,2.672745,0.078652,0.953754,0.0,0.687619,0.969633,233246.076868,250743.3688,36.0,0.31258
54094.386783,0.248567,0.751433,0.489884,0.671256,0.305357,15243.243703,0.243934,2.545836,0.013982,0.638695,0.0,0.5685,0.7901,395470.827757,223422.706332,48.0,0.503162
79153.41773,0.234956,0.765044,0.592322,0.94568,0.314555,17736.307838,0.177529,2.198684,0.275036,0.568634,0.0,0.602245,0.814854,391577.061239,303750.42794,24.0,0.53053
35115.871877,0.135626,0.864374,0.433787,0.603484,0.418918,12743.095238,0.09621,1.697026,0.107222,0.912868,0.0,0.710603,0.646924,149729.450667,258016.207228,36.0,0.464048
81791.279681,0.069639,0.930361,0.29176,0.846617,0.239291,17757.734772,-0.0752,2.596061,0.203612,0.586708,0.0,0.834756,0.925687,277122.422188,166408.206606,48.0,0.322781
63560.800111,0.248478,0.751522,0.414823,0.575981,0.307502,13663.248628,-0.197562,2.211968,0.088387,0.983257,0.0,0.887869,0.990321,61110.804697,159349.797227,48.0,0.384858
49107.04244,0.495427,0.504573,0.28011,0.768845,0.185733,1001.646953,-0.000605,2.963393,0.208345,0.738184,0.0,0.632131,0.471667,121575.607522,231760.671878,24.0,0.402193
20270.998521,0.053731,0.946269,0.182824,0.462329,0.365198,3431.992587,-0.272044,2.320594,0.020958,0.555716,0.0,0.986102,0.831743,156623.954819,181085.714078,36.0,0.240217
57796.282518,0.133368,0.866632,0.646499,0.498607,0.302724,7322.044446,-0.146089,2.611421,0.288792,0.601571,0.0,0.769778,0.972684,91000.435309,390991.565719,48.0,0.457389
24342.245811,0.123096,0.876904,0.257316,0.796245,0.414322,8934.826517,-0.104371,1.006337,0.234907,0.717597,0.0,0.916537,0.909754,211696.169917,177515.906708,24.0,0.353391
48309.98017,0.075193,0.924807,0.652881,0.887951,0.127599,14783.932931,-0.15641,2.346622,0.152828,0.937573,0.0,0.605373,0.412429,232570.173512,242918.282092,60.0,0.561276
42972.078963,0.351728,0.648272,0.554304,0.645482,0.380063,3560.338338,-0.080052,1.810205,0.087068,0.645339,0.0,0.538537,0.760261,219702.428331,90195.910993,36.0,0.518324
19852.121949,0.356535,0.643465,0.471577,0.633688,0.126763,3464.527597,0.011729,1.848276,0.153077,0.674115,1.0,0.561473,0.946959,148352.09014,146401.243886,36.0,0.727248
79023.520938,0.322504,0.677496,0.626592,0.949837,0.443123,11523.90017,0.232497,1.179945,0.320547,0.546188,0.0,0.817188,0.430039,86946.822841,471444.239372,60.0,0.555475
25622.552889,0.217947,0.782053,0.220913,0.666152,0.174988,684.418359,0.310267,2.241889,0.200413,0.89155,0.0,0.923097,0.920084,311972.277312,201062.056796,60.0,0.323175
82119.15033,0.118123,0.881877,0.227,0.863144,0.142236,3334.375941,0.272103,1.357461,0.043448,0.731269,0.0,0.856516,0.833925,111924.32658,471503.043908,36.0,0.336984
39410.839484,0.085897,0.914103,0.628649,0.725594,0.415297,6208.084917,-0.183099,1.938134,0.296288,0.620963,0.0,0.765381,0.620315,326273.534707,274210.189903,60.0,0.479997
23240.713764,0.124107,0.875893,0.590434,0.443598,0.24455,5.33041,0.022541,2.597676,0.237134,0.697508,0.0,0.724881,0.642339,238517.266949,484084.057598,48.0,0.449224
58310.391,0.418814,0.581186,0.263429,1.008966,0.175076,20010.419665,-0.211632,1.072833,0.025696,0.997357,0.0,0.905168,0.469322,367416.169347,240680.358096,48.0,0.40791
38590.888542,0.099351,0.900649,0.383099,0.814995,0.168566,13355.491155,0.253367,2.498451,0.227175,0.650986,1.0,0.546695,0.409827,137204.305137,264390.935646,60.0,0.786549
44942.938946,0.356445,0.643555,0.23305,0.484769,0.436674,4410.987783,-0.198124,2.280046,0.03545,0.687018,0.0,0.610333,0.945635,361595.819609,446287.409976,24.0,0.359965
41608.078827,0.256281,0.743719,0.707085,0.964609,0.278221,5866.446745,-0.164564,2.843971,0.058081,0.99605,0.0,0.487563,0.826663,151666.92734,90367.073819,36.0,0.598863
42844.982421,0.224179,0.775821,0.498402,0.625502,0.22776,6306.224967,0.260857,2.171242,0.309237,0.879246,0.0,0.660045,0.708383,286548.805721,310155.693487,24.0,0.503993
26499.75039,0.412356,0.587644,0.564276,0.875442,0.329618,1525.87128,0.233476,1.392668,0.215906,0.63788,0.0,0.532143,0.426408,64119.009258,135835.649384,60.0,0.599871
46319.178901,0.412961,0.587039,0.455586,0.565846,0.422304,10.50485,-0.25364,2.717681,0.092928,0.741332,0.0,0.439653,0.680984,393607.071462,468425.14934,60.0,0.457869
65206.285413,0.405845,0.594155,0.573149,0.641876,0.274746,24948.544406,0.10393,2.095851,0.315464,0.871056,0.0,0.778915,0.59592,112903.430514,366422.061107,48.0,0.5352
73372.208418,0.122648,0.877352,0.382018,0.576923,0.43018,8821.36304,0.380933,2.982626,0.01795,0.795846,0.0,0.881004,0.554585,340183.458107,313105.914845,36.0,0.409465
33655.35125,0.452587,0.547413,0.553298,0.728798,0.256173,5382.846395,0.096601,1.598169,0.084873,0.811529,0.0,0.969095,0.797729,323488.453975,468972.292047,24.0,0.417313
76129.562612,0.077023,0.922977,0.119887,1.009436,0.159015,7176.956767,0.315374,1.983722,0.335396,0.794212,0.0,0.643191,0.90967,157398.981025,336440.544113,36.0,0.351478
59848.662239,0.296723,0.703277,0.165429,0.453502,0.363352,3592.026894,-2e-05,2.793163,0.327031,0.896795,0.0,0.81843,0.491133,77461.648887,277907.419462,24.0,0.301687
88777.579801,0.183383,0.816617,0.637392,0.632213,0.308759,1435.705047,0.325016,1.660283,0.01363,0.791432,0.0,0.992911,0.768618,339286.125553,160744.222638,36.0,0.436101
76814.319152,0.24518,0.75482,0.289428,0.943952,0.143655,18826.78911,-0.202969,1.924673,0.298338,0.578697,0.0,0.865645,0.708935,228781.277733,173992.60215,48.0,0.354076
78911.732475,0.332504,0.667496,0.626676,0.633189,0.287929,9269.075298,0.19396,1.802188,0.282438,0.617563,0.0,0.990759,0.585596,171047.281113,181086.137248,36.0,0.476145
17759.823806,0.029374,0.970626,0.195992,1.048847,0.161616,5134.505225,-0.102267,1.665456,0.111983,0.619627,0.0,0.688958,0.645928,376156.911843,360673.124163,48.0,0.441783
30732.890868,0.236614,0.763386,0.201745,0.524468,0.141798,385.75325,0.297147,1.504364,0.065297,0.748808,1.0,0.794998,0.638494,301108.188281,215903.424835,36.0,0.584167
76183.589507,0.372641,0.627359,0.527963,1.022742,0.368,26455.021544,-0.171227,2.738348,0.057463,0.6253,0.0,0.45593,0.925313,173749.131042,97650.699849,36.0,0.548341
60294.137576,0.478531,0.521469,0.56851,0.671616,0.374384,15231.214698,0.197956,2.600417,0.130558,0.501369,0.0,0.689679,0.894594,230366.143797,168645.939991,48.0,0.511781
79333.056325,0.372026,0.627974,0.353949,0.743678,0.314861,29403.313109,-0.162337,2.539424,0.255945,0.519713,0.0,0.978486,0.754585,158665.717268,498651.849012,60.0,0.3519
39945.405508,0.203668,0.796332,0.614695,0.708436,0.409817,14844.486151,0.339874,2.217521,0.080831,0.65759,0.0,0.754536,0.669563,162096.052491,353862.972393,24.0,0.534241
65132.417067,0.289782,0.710218,0.102785,0.548994,0.193194,21402.697991,-0.132714,1.004501,0.016717,0.538053,0.0,0.88197,0.721155,365827.923311,474765.099846,24.0,0.257379
86444.793828,0.397315,0.602685,0.299033,0.790159,0.136895,34193.009634,-0.15061,2.322577,0.100645,0.557936,0.0,0.5409,0.993566,250656.60288,218006.701428,36.0,0.365931
47212.536268,0.164387,0.835613,0.411912,0.464649,0.427257,13805.258685,-0.181684,1.584633,0.089982,0.580931,0.0,0.65587,0.837497,182886.072495,401338.934089,48.0,0.377382
55673.965602,0.27434,0.72566,0.738829,0.967594,0.4015,74.118054,-0.132314,2.55733,0.278049,0.972182,0.0,0.979086,0.468022,213439.141771,131004.398243,60.0,0.569805
51093.140394,0.307183,0.692817,0.331568,0.45982,0.178212,16484.729613,0.081713,1.500552,0.00638,0.95694,0.0,0.882625,0.875986,89384.228567,106641.850681,36.0,0.276545
54156.503127,0.344765,0.655235,0.744224,0.892254,0.235956,7369.200502,-0.027505,2.513513,0.036249,0.75621,0.0,0.887086,0.527416,124648.853475,347745.477878,24.0,0.581626
70848.844476,0.417256,0.582744,0.607498,0.762348,0.271092,9131.395963,-0.04179,2.799941,0.012733,0.59404,0.0,0.742564,0.410273,285957.28172,236465.705577,48.0,0.511592
77813.933757,0.484792,0.515208,0.155396,0.947965,0.316234,17474.279435,-0.218454,1.271541,0.173021,0.998068,0.0,0.835542,0.604422,272481.826363,93641.64062,48.0,0.38875
55281.115373,0.21282,0.78718,0.169273,1.010382,0.339392,22077.134854,0.187135,2.631387,0.349748,0.640334,1.0,0.909842,0.988786,391544.049088,232789.799806,60.0,0.678937
38128.884885,0.14991,0.85009,0.737815,0.61304,0.354894,13261.300665,0.351987,2.205813,0.298049,0.681266,1.0,0.457094,0.55852,173486.953141,453131.522178,36.0,0.899841
58230.852045,0.291114,0.708886,0.131901,0.602468,0.371009,17582.005248,0.339081,1.159326,0.249485,0.967605,0.0,0.92218,0.727639,368148.600666,356317.878105,24.0,0.355155
71422.644815,0.020369,0.979631,0.373111,0.827633,0.208786,1487.118527,-0.251877,2.897968,0.205906,0.553414,0.0,0.686186,0.681534,182783.587709,307625.053263,48.0,0.376384
85474.287809,0.447512,0.552488,0.317141,0.520334,0.422994,23956.646741,-0.227288,2.624496,0.16461,0.864374,0.0,0.475997,0.842717,339539.716197,366628.211543,36.0,0.496971
15396.486753,0.261488,0.738512,0.61653,0.904571,0.181891,3372.223337,-0.25844,1.422015,0.233409,0.596236,0.0,0.716669,0.606561,197537.001752,328123.453951,48.0,0.508452
61228.863591,0.444784,0.555216,0.26575,0.793416,0.120479,2806.99365,0.113516,2.493571,0.241955,0.788308,0.0,0.888668,0.748122,388839.283646,184487.655577,24.0,0.332118
33749.698109,0.023282,0.976718,0.356567,1.027393,0.211261,1520.269402,-0.298028,1.42041,0.038771,0.848112,0.0,0.648014,0.604814,212005.331286,141734.77325,24.0,0.478844
39383.370938,0.205563,0.794437,0.542204,0.688218,0.186511,10004.188649,-0.155253,1.706356,0.304483,0.929057,0.0,0.797382,0.693948,382708.623209,263729.344014,48.0,0.399657
49768.688209,0.030702,0.969298,0.138735,0.698186,0.215394,8229.836807,0.316915,1.281396,0.097765,0.713076,0.0,0.408261,0.871417,240061.401741,326323.469213,48.0,0.332244
31823.680205,0.100462,0.899538,0.645654,1.02628,0.208981,6114.605573,0.006691,1.266973,0.273353,0.82261,0.0,0.630749,0.991896,247593.82988,349593.169483,36.0,0.492405
69093.200176,0.261014,0.738986,0.276678,0.827891,0.383822,20628.546815,-0.28579,2.134312,0.309683,0.620613,0.0,0.569688,0.885826,317630.553138,360747.709656,36.0,0.471827
88308.880922,0.001685,0.998315,0.312795,0.848265,0.302778,20062.04913,-0.298978,1.386838,0.037963,0.653169,0.0,0.858497,0.550701,333561.685476,326200.789539,60.0,0.397481
87049.049065,0.282608,0.717392,0.346949,0.806002,0.413785,11306.454732,0.300458,1.713761,0.265624,0.766243,0.0,0.69589,0.658494,251227.994156,369686.30442,24.0,0.474039
25274.680088,0.205368,0.794632,0.403604,0.747737,0.363743,1037.42614,0.392842,2.097136,0.251451,0.610366,0.0,0.52872,0.622526,72449.39422,84913.087827,60.0,0.452001
36030.816795,0.294313,0.705687,0.235905,0.621529,0.198114,1711.883213,0.263791,2.582199,0.187912,0.814553,0.0,0.856546,0.426502,294258.876996,307251.559423,24.0,0.391625
51716.208691,0.496128,0.503872,0.676854,0.465061,0.286221,4744.015282,0.102972,1.000186,0.243733,0.967327,0.0,0.851996,0.733772,115860.080638,390338.293768,24.0,0.481226
29440.846912,0.411157,0.588843,0.129383,0.516605,0.393002,2327.530552,-0.0935,1.12255,0.157313,0.809323,0.0,0.418895,0.835446,306181.043606,233989.813353,48.0,0.417705
47386.689347,0.343959,0.656041,0.203395,0.645756,0.176554,665.868402,-0.177433,2.685815,0.147125,0.542414,0.0,0.494521,0.443928,201117.965407,262539.753141,36.0,0.386866
54019.640003,0.277499,0.722501,0.717478,1.005834,0.416662,19817.382933,0.389085,2.772776,0.055089,0.998609,0.0,0.719709,0.740376,384230.155741,258452.253284,60.0,0.570333
34517.150115,0.107074,0.892926,0.601676,0.413018,0.253919,5184.8367,0.074813,2.854495,0.306154,0.557674,0.0,0.816711,0.940499,138110.860069,374113.222093,24.0,0.390382
44595.528865,0.324828,0.675172,0.630858,0.434341,0.179332,15622.689331,0.25926,1.480966,0.017765,0.929152,0.0,0.726202,0.444504,243260.980753,115098.510701,24.0,0.432389
39905.689554,0.06809,0.93191,0.378018,0.952659,0.187749,12815.633282,-0.145645,2.272499,0.181284,0.81242,0.0,0.442861,0.832552,245886.93505,389851.266587,48.0,0.478304
66100.420361,0.496376,0.503624,0.121519,0.407494,0.129016,17579.595474,-0.283055,2.619195,0.010622,0.661248,0.0,0.854535,0.884783,259185.783174,114705.694682,36.0,0.231847
75402.995589,0.21949,0.78051,0.520906,0.437211,0.328179,29215.453745,-0.281911,1.299551,0.123668,0.689523,0.0,0.469095,0.948555,279506.391574,396062.319746,48.0,0.415138
55933.142498,0.073972,0.926028,0.451009,0.586669,0.292333,17182.372824,-0.194596,2.648714,0.101142,0.810827,0.0,0.425476,0.627667,73730.275724,262569.766464,24.0,0.424177
18663.985805,0.331019,0.668981,0.345632,0.813834,0.149267,5404.337957,-0.107444,1.299917,0.132202,0.561471,0.0,0.647783,0.87862,233972.074371,496080.366485,48.0,0.432084
42465.798134,0.410789,0.589211,0.343962,0.427218,0.355715,10616.736753,-0.262874,1.415833,0.143564,0.928013,0.0,0.734957,0.770855,327417.895791,87137.632403,36.0,0.33988
19553.382435,0.400997,0.599003,0.662413,0.56433,0.29443,6962.607408,0.340664,2.477012,0.091563,0.866642,0.0,0.977291,0.786266,246142.407674,278929.544161,36.0,0.439009
43356.594062,0.381926,0.618074,0.141708,0.57407,0.171104,1136.47266,0.187651,2.238149,0.103303,0.585436,0.0,0.742852,0.801697,308387.603198,251209.308989,36.0,0.244675
80958.458606,0.37824,0.62176,0.569462,0.949276,0.262193,3370.879998,0.372542,1.5037,0.161688,0.520389,0.0,0.63411,0.967272,274754.989986,145802.244611,48.0,0.539328
79970.509078,0.02116,0.97884,0.248901,0.839238,0.232177,21853.809581,-0.094317,2.918437,0.319002,0.511632,0.0,0.450764,0.626363,199805.152784,197510.810364,48.0,0.456749
86997.877666,0.265177,0.734823,0.11462,0.546813,0.155959,8402.025083,0.188184,2.037494,0.290645,0.637717,0.0,0.835297,0.480552,267432.381234,372820.041819,48.0,0.255257
66512.059181,0.028762,0.971238,0.255231,0.995716,0.188949,20353.925406,-0.051456,2.657051,0.090201,0.657537,0.0,0.825327,0.636832,135438.800561,139394.753117,24.0,0.341595
68347.915001,0.227372,0.772628,0.671088,0.480456,0.135949,26671.824075,-0.131233,1.182837,0.237574,0.746291,0.0,0.480824,0.786417,399810.816323,96468.681176,60.0,0.534882
69252.061104,0.478105,0.521895,0.497719,0.728176,0.370271,9070.387496,-0.027462,1.923426,0.175239,0.703599,0.0,0.73153,0.91841,363220.124415,84482.215962,36.0,0.440535
16992.694659,0.405344,0.594656,0.317483,0.669765,0.301414,5693.21037,0.066709,1.02624,0.240939,0.666926,0.0,0.7821,0.698411,307948.79255,425677.18842,24.0,0.46217
83095.263326,0.458336,0.541664,0.542078,0.654645,0.321215,11493.489871,0.320119,1.152504,0.211292,0.904257,0.0,0.922505,0.783573,255509.589892,125719.578016,48.0,0.412247
44775.160102,0.238673,0.761327,0.481262,0.891739,0.254402,3055.469258,0.206068,2.8832,0.212299,0.752926,0.0,0.444101,0.670775,173965.03087,255672.97125,24.0,0.511178
17736.215123,0.373008,0.626992,0.184534,0.748468,0.43042,304.023105,-0.043215,1.042508,0.277211,0.618824,0.0,0.961355,0.657202,388537.881589,392378.000464,24.0,0.324187
24658.983588,0.390153,0.609847,0.127403,0.52541,0.446785,5131.599221,-0.157772,1.781179,0.309589,0.54419,1.0,0.922741,0.416362,112357.217467,271364.076365,48.0,0.654007
85523.192964,0.106427,0.893573,0.598937,0.565117,0.232376,1780.663753,0.000855,2.100583,0.152684,0.554387,0.0,0.775827,0.691162,319437.674365,350543.392442,36.0,0.431047
88793.990831,0.415696,0.584304,0.726034,0.475289,0.220322,19695.598177,0.255668,2.970294,0.273085,0.671305,0.0,0.542455,0.9177,370326.253676,389396.409507,36.0,0.506864
30897.056218,0.322568,0.677432,0.180689,0.466609,0.242286,8541.278341,-0.287362,2.644514,0.17759,0.996595,0.0,0.748506,0.438904,158378.864953,321116.74768,24.0,0.366251
48983.095358,0.127622,0.872378,0.361856,0.788603,0.30902,18468.408938,-0.005483,2.248968,0.282825,0.93479,0.0,0.794063,0.898169,278194.768619,398987.75065,60.0,0.367091
54165.93136,0.072591,0.927409,0.476532,0.813905,0.307691,3183.480241,0.095738,1.588815,0.270305,0.943669,0.0,0.741689,0.875379,351323.77644,480381.162417,36.0,0.397804
77938.978214,0.403539,0.596461,0.607343,0.904575,0.261859,17580.387851,0.37244,1.109545,0.217776,0.51148,0.0,0.734745,0.493,277681.419999,272016.228592,60.0,0.6087
17289.024913,0.220995,0.779005,0.301176,1.01297,0.359052,3596.074161,-0.145722,2.340293,0.21084,0.680901,0.0,0.546377,0.970039,107097.84108,456767.620412,24.0,0.507447
88570.25032,0.414007,0.585993,0.724013,0.976734,0.158876,5046.955262,0.1866,2.220014,0.119469,0.774626,0.0,0.909383,0.488345,260774.125006,230663.320487,36.0,0.535748
34952.890888,0.3918,0.6082,0.345892,0.664501,0.144025,11593.380285,-0.289547,1.963858,0.149084,0.836006,0.0,0.811403,0.487431,124697.448272,301971.946595,48.0,0.452678
71281.63337,0.125965,0.874035,0.273581,0.751954,0.199398,22704.15722,-0.08248,2.018063,0.219114,0.520281,0.0,0.417672,0.975534,222661.891399,173968.567404,24.0,0.433453
53542.395514,0.300196,0.699804,0.353036,1.048988,0.158539,20981.134839,-0.028969,1.404117,0.028425,0.596666,0.0,0.767134,0.894136,339930.426408,90703.838469,24.0,0.415643
19198.968939,0.324143,0.675857,0.50941,0.447556,0.363451,417.182345,-0.014546,1.354378,0.220338,0.59795,0.0,0.749477,0.665988,199785.887399,140332.209625,48.0,0.398992
35985.01675,0.008409,0.991591,0.387752,0.582976,0.173563,10281.860212,0.014318,1.279461,0.141127,0.931508,0.0,0.802836,0.757787,177147.164245,313295.085694,24.0,0.364776
51907.057869,0.312695,0.687305,0.349908,0.431002,0.173121,14519.033638,0.121259,2.538226,0.092241,0.698639,0.0,0.714389,0.720122,82833.752408,162012.781824,36.0,0.343497
21689.013506,0.066333,0.933667,0.332621,1.004897,0.186864,7945.287594,-0.019081,1.934386,0.324508,0.732128,0.0,0.52295,0.997667,368596.892028,364773.732742,24.0,0.472034
15034.833167,0.05631,0.94369,0.254682,0.733641,0.340979,795.981803,0.047024,2.146871,0.120738,0.560632,0.0,0.530952,0.444602,287077.886204,204625.826694,48.0,0.438564
69448.998325,0.084347,0.915653,0.131061,0.96168,0.217025,1194.557681,0.272223,1.862319,0.099666,0.52645,0.0,0.671043,0.809229,342880.142887,247311.022711,24.0,0.391873
82878.2095,0.370458,0.629542,0.433704,0.994861,0.144809,27646.77368,0.147344,2.756363,0.312993,0.794497,0.0,0.896394,0.461403,125751.034087,298158.285848,60.0,0.457675
55959.380385,0.367274,0.632726,0.575299,0.794221,0.197175,9535.93733,0.278434,2.749467,0.188776,0.938322,0.0,0.908846,0.50633,291720.792343,213745.48563,24.0,0.460696
57931.902269,0.224822,0.775178,0.420337,0.856833,0.299717,14752.94184,-0.018053,2.854211,0.041648,0.739161,0.0,0.436653,0.916542,228797.897102,458131.256775,36.0,0.521694
16159.637067,0.382268,0.617732,0.193359,0.828292,0.17641,1447.310183,-0.055487,2.347766,0.030166,0.696678,0.0,0.92407,0.619624,324277.436092,306411.300565,60.0,0.376213
66506.062,0.202467,0.797533,0.14736,0.823346,0.429232,1935.413667,0.099433,1.654785,0.139276,0.728363,0.0,0.756503,0.423661,260815.121693,404479.774135,48.0,0.37228
61757.774954,0.270929,0.729071,0.66425,1.019506,0.161868,22691.931196,0.295611,2.59677,0.33299,0.845897,0.0,0.537879,0.905058,207271.296617,382059.355015,48.0,0.588485
36890.070838,0.064994,0.935006,0.319519,0.878026,0.289028,9289.156352,0.15309,1.567132,0.158152,0.772846,0.0,0.674731,0.886156,370392.363758,372017.752491,60.0,0.367764
84273.702342,0.11764,0.88236,0.390926,0.710441,0.297959,32769.309471,-0.169267,2.867809,0.158202,0.690224,0.0,0.446795,0.768415,304598.966639,358750.723368,60.0,0.470167
54914.79808,0.192237,0.807763,0.505367,0.994957,0.286916,15783.38597,-0.192259,2.668176,0.112041,0.788402,0.0,0.696344,0.849859,328779.523959,303499.080194,24.0,0.484143
28967.788787,0.3126,0.6874,0.133717,0.575063,0.129866,10367.186118,-0.04775,2.988946,0.133329,0.80977,0.0,0.811367,0.741516,70415.607608,132426.701118,48.0,0.329145
28193.04059,0.373236,0.626764,0.27441,0.518661,0.292783,5195.253568,-0.024153,1.280708,0.289264,0.805694,0.0,0.511413,0.547975,383557.550499,367080.747215,48.0,0.466936
77273.127697,0.111099,0.888901,0.455018,0.985987,0.308956,3186.824523,-0.016569,1.521457,0.239564,0.957999,0.0,0.511961,0.856899,305623.086068,471507.666729,36.0,0.550768
40751.30056,0.08384,0.91616,0.362373,0.782931,0.40655,3623.123667,0.070819,2.563365,0.129518,0.611777,0.0,0.994858,0.702689,250377.396357,244312.11155,48.0,0.319729
63436.562246,0.259467,0.740533,0.717225,0.763145,0.125159,8131.080722,0.041438,2.360206,0.288702,0.612103,0.0,0.516496,0.776877,100792.444784,363679.219599,24.0,0.594178
23489.767041,0.240609,0.759391,0.130478,0.739003,0.352546,5468.20128,-0.111606,1.075381,0.293497,0.605093,0.0,0.584548,0.595148,214250.088606,217242.488918,48.0,0.383901
31244.690341,0.086755,0.913245,0.239404,0.672664,0.360188,11880.76518,-0.231835,2.597607,0.156564,0.65866,0.0,0.409634,0.772462,383928.404807,142868.329233,24.0,0.409448
72731.953334,0.043569,0.956431,0.215261,0.648906,0.29464,29022.769357,0.187255,2.047442,0.19652,0.802536,0.0,0.900947,0.854659,62287.019434,231614.368368,36.0,0.338353
54508.731789,0.428227,0.571773,0.205813,0.488952,0.229195,17641.159851,0.266574,1.856304,0.020429,0.662228,0.0,0.863755,0.703864,329380.502525,268907.46181,60.0,0.279999
79694.451262,0.06911,0.93089,0.431635,1.03905,0.414746,8913.46582,0.142521,2.465776,0.147688,0.681855,0.0,0.920076,0.872565,346135.956411,200973.701437,36.0,0.415186
61078.689533,0.059329,0.940671,0.550567,1.040501,0.128381,22784.171936,-0.29562,1.078804,0.05458,0.653421,0.0,0.783499,0.751799,358658.626816,110554.230977,36.0,0.432993
80802.880093,0.441542,0.558458,0.619553,0.964515,0.14285,180.019324,-0.062049,1.067579,0.071432,0.816503,0.0,0.733328,0.509289,94125.589553,207370.220419,60.0,0.523303
61497.170066,0.358369,0.641631,0.726012,0.848734,0.429096,10407.10051,0.329208,2.577655,0.251776,0.646334,0.0,0.647968,0.84814,104110.430513,435304.565403,36.0,0.631933
36593.49483,0.474852,0.525148,0.241985,0.928819,0.353497,11823.05304,-0.225897,1.267452,0.292719,0.563148,0.0,0.763948,0.927198,279350.282568,343303.024382,24.0,0.396108
70372.233693,0.442741,0.557259,0.369989,0.7182,0.187306,15559.188102,-0.058495,2.065026,0.268427,0.702013,0.0,0.8237,0.799094,120159.995165,155879.384711,48.0,0.403899
39063.664634,0.373413,0.626587,0.508027,0.714492,0.24504,13480.679009,0.359496,1.650868,0.216514,0.755464,0.0,0.865311,0.801871,214214.915857,457853.612276,36.0,0.463727
44437.167413,0.274687,0.725313,0.385699,0.478604,0.274695,1125.538998,0.181238,1.396642,0.275524,0.864152,0.0,0.955477,0.793238,388650.875861,481810.221314,24.0,0.311513
27940.78966,0.288324,0.711676,0.499626,0.881646,0.410914,10677.20365,0.212964,2.598806,0.230036,0.792588,0.0,0.784215,0.541763,247224.035329,179310.984288,36.0,0.512655
42276.922224,0.482076,0.517924,0.656204,0.751106,0.225667,15890.984047,-0.113255,1.244313,0.253675,0.731514,0.0,0.846196,0.695861,114930.974206,245094.35655,36.0,0.563644
57828.278802,0.130519,0.869481,0.626996,0.903705,0.3217,16770.889585,-0.173678,1.893653,0.288704,0.930307,0.0,0.663278,0.512077,119272.392315,109350.63994,24.0,0.554692
65004.039277,0.297948,0.702052,0.691931,0.867197,0.190698,18407.028708,0.27225,1.276551,0.332933,0.972902,0.0,0.711367,0.478401,69546.647789,363592.664273,24.0,0.542884
42323.045431,0.364602,0.635398,0.135289,0.522486,0.132427,752.768028,0.232698,1.977891,0.283791,0.843007,0.0,0.679361,0.702076,353631.831806,264115.377864,36.0,0.333479
69153.336047,0.439258,0.560742,0.332287,0.553917,0.296547,25567.442726,0.259084,2.845095,0.276618,0.906805,0.0,0.424263,0.410402,392516.548058,179240.682777,60.0,0.522595
76100.454576,0.427593,0.572407,0.171163,0.443165,0.395611,4961.894174,-0.152964,2.455916,0.314489,0.933796,0.0,0.413704,0.489529,256244.069911,407272.615651,48.0,0.452635
21935.629418,0.09942,0.90058,0.664107,0.732398,0.138707,7223.395486,0.338158,2.153098,0.347262,0.541324,0.0,0.812064,0.699919,266957.049883,128371.457614,60.0,0.43544
26319.879106,0.075894,0.924106,0.176751,0.846411,0.351133,4846.487343,0.026587,2.320366,0.018726,0.802919,0.0,0.847613,0.453542,98321.258799,249132.441758,36.0,0.40317
18138.833933,0.308754,0.691246,0.188391,0.62291,0.365051,3839.30343,0.006346,1.497348,0.323919,0.873387,1.0,0.528454,0.576167,125431.155016,239719.11372,36.0,0.733942
55211.134411,0.330169,0.669831,0.669967,0.927318,0.376294,2288.6024,0.235052,1.56409,0.035161,0.642225,0.0,0.873902,0.809825,272618.45364,139056.710655,48.0,0.543179
58232.216313,0.16332,0.83668,0.48761,0.644125,0.125648,19175.593765,-0.164442,2.693746,0.348098,0.674988,0.0,0.628297,0.874585,335557.967814,389112.964982,24.0,0.466098
31096.362499,0.333475,0.666525,0.183332,0.851464,0.283864,212.556552,-0.231982,2.937771,0.041528,0.637731,0.0,0.654317,0.61541,171057.239946,234010.055681,48.0,0.422538
24775.020301,0.423171,0.576829,0.148717,0.88272,0.171536,1395.783296,0.037297,1.107631,0.043089,0.807126,0.0,0.687586,0.734517,154496.463243,149867.771503,24.0,0.36202
69116.062427,0.042687,0.957313,0.484028,0.668022,0.162896,23776.226868,0.071733,2.890305,0.037464,0.659718,0.0,0.971749,0.495159,358719.642555,345328.588111,24.0,0.34342
68274.879157,0.142728,0.857272,0.181052,0.800489,0.419634,11075.277908,0.047471,2.828413,0.223944,0.684283,0.0,0.935826,0.584956,82060.011075,265981.152712,48.0,0.347663
46887.758063,0.086241,0.913759,0.411721,0.469176,0.396134,4709.39803,0.003929,1.22112,0.194229,0.884578,0.0,0.878355,0.70851,73168.333251,91191.073496,60.0,0.35932
22528.289286,0.199319,0.800681,0.158487,0.505218,0.290372,4905.513664,0.061796,2.624672,0.234568,0.723881,0.0,0.488879,0.418289,304729.488319,489164.490431,24.0,0.393058
29661.43141,0.021225,0.978775,0.260227,0.700265,0.195632,945.696338,-0.266541,2.740458,0.126392,0.765347,0.0,0.565329,0.580142,332349.059405,153491.863072,36.0,0.331216
57384.840977,0.090863,0.909137,0.44328,0.630967,0.26055,9858.369436,-0.122368,1.059368,0.042174,0.502733,0.0,0.519379,0.80263,356537.153901,164153.558276,60.0,0.389053
75739.953585,0.46937,0.53063,0.644915,0.978264,0.264147,4511.482311,-0.052736,1.128149,0.084192,0.569111,0.0,0.91225,0.411388,79577.501961,191721.839229,60.0,0.536486
38295.096475,0.165166,0.834834,0.590812,0.916817,0.136691,9014.884558,0.166576,1.248647,0.088311,0.509824,0.0,0.793062,0.751339,244918.515691,475420.173048,24.0,0.498201
57219.058847,0.349967,0.650033,0.552685,0.77321,0.223966,15282.287923,0.19541,1.633332,0.060242,0.627761,0.0,0.76531,0.422739,260479.548433,351565.306251,60.0,0.540543
44625.015771,0.303055,0.696945,0.515273,0.821217,0.185559,10537.164953,0.179609,2.627331,0.133777,0.778271,0.0,0.57557,0.646532,189881.367571,121822.241264,36.0,0.504453
86440.977444,0.242511,0.757489,0.261357,0.940096,0.371524,15106.207488,-0.152345,2.377768,0.180386,0.795488,0.0,0.573464,0.741078,98739.070732,336429.390366,24.0,0.42228
76690.948109,0.132057,0.867943,0.651279,1.02124,0.166057,6575.244071,-0.264313,1.921484,0.316427,0.922125,0.0,0.463415,0.646445,345949.329539,357517.49992,24.0,0.609006
64533.009694,0.129746,0.870254,0.686259,0.754736,0.441169,2160.263871,-0.041436,2.403634,0.215323,0.756478,0.0,0.702674,0.995831,258802.402411,458349.633378,24.0,0.462318
48334.261158,0.011207,0.988793,0.427372,0.781971,0.215623,12788.981527,-0.278625,2.640697,0.024713,0.773309,0.0,0.639401,0.556021,241935.342304,147500.855761,24.0,0.429778
81013.299981,0.178025,0.821975,0.702616,0.771207,0.265317,16424.571235,0.006367,1.023068,0.060401,0.905935,0.0,0.5557,0.428093,221264.59635,278775.607794,24.0,0.602311
28487.247662,0.094457,0.905543,0.294711,0.662099,0.372321,7611.607393,0.353904,2.021797,0.17489,0.908571,0.0,0.56225,0.49921,287940.196425,315069.342253,36.0,0.437699
71411.741893,0.289298,0.710702,0.70464,0.710138,0.329678,7630.615003,0.112189,1.458675,0.04127,0.952361,0.0,0.453062,0.748585,98247.618679,259402.85458,60.0,0.601556
63174.510849,0.088515,0.911485,0.680946,0.849105,0.304202,8422.600502,-0.035829,1.214018,0.325854,0.790517,0.0,0.915396,0.795179,278000.147606,156324.605368,24.0,0.526736
84467.032191,0.351006,0.648994,0.496386,0.649425,0.202056,8947.80798,0.128263,1.051242,0.158571,0.656197,0.0,0.438856,0.406969,250683.268867,122928.063587,36.0,0.489888
85006.319893,0.289999,0.710001,0.509706,0.578891,0.300415,11.673209,0.377363,2.920308,0.272533,0.632959,0.0,0.640078,0.818013,137503.700471,97256.934566,60.0,0.412363
34389.868562,0.239762,0.760238,0.589382,0.689363,0.309998,5845.100624,0.136267,1.12682,0.104965,0.607226,0.0,0.897818,0.751899,317274.124757,384403.758379,48.0,0.451735
89035.183489,0.320049,0.679951,0.633487,0.532971,0.254435,8285.575115,0.032577,1.815265,0.000149,0.59329,0.0,0.549175,0.95101,169213.969031,294638.296959,60.0,0.439128
77254.409138,0.010965,0.989035,0.689179,0.580971,0.219689,4469.772019,-0.212801,1.194723,0.111259,0.515783,0.0,0.515949,0.573491,69606.687038,318232.120684,60.0,0.533371
50253.46597,0.370168,0.629832,0.705383,0.442467,0.29021,14074.882335,0.116183,2.146469,0.191317,0.520915,0.0,0.724625,0.944532,60969.530303,248295.942798,36.0,0.425254
20971.459174,0.135435,0.864565,0.74693,0.91173,0.397112,5222.291927,0.343382,2.25318,0.331515,0.772958,0.0,0.769881,0.723042,333620.558613,184569.828164,60.0,0.600271
56216.408707,0.155808,0.844192,0.468694,0.847648,0.406022,7360.450835,0.111847,2.957792,0.281253,0.52465,0.0,0.47447,0.480861,263696.765833,155844.196861,60.0,0.610829
33479.737656,0.464374,0.535626,0.128917,0.473703,0.276579,5657.836757,0.209738,1.454138,0.208602,0.876353,0.0,0.733144,0.636931,203224.600754,184392.205123,36.0,0.290855
58445.163924,0.163827,0.836173,0.346339,0.404991,0.128175,15337.507062,0.10068,2.613987,0.10455,0.985637,0.0,0.550131,0.428175,372972.872018,499428.804647,48.0,0.411693
70542.005149,0.278376,0.721624,0.423377,0.432502,0.380429,7396.492844,-0.289951,2.581006,0.10876,0.711795,0.0,0.618513,0.85376,175571.691563,454834.716113,60.0,0.425057
38139.105235,0.159466,0.840534,0.607819,0.923422,0.129534,1996.289713,0.299926,1.739059,0.279625,0.937943,0.0,0.869967,0.912573,122670.621737,255868.268172,48.0,0.404686
44736.778866,0.167001,0.832999,0.248786,0.434904,0.349282,12083.718034,-0.187815,1.373476,0.061218,0.647056,0.0,0.977967,0.878915,205581.87431,450168.767727,60.0,0.239215
25075.24194,0.158003,0.841997,0.118037,0.451392,0.212707,9864.53932,-0.23539,2.821438,0.298125,0.907643,0.0,0.550721,0.878129,277402.077407,497216.872612,24.0,0.341943
88457.164059,0.007507,0.992493,0.435576,0.657453,0.354619,35086.95751,-0.210503,2.749238,0.060511,0.797762,0.0,0.965061,0.666453,327101.782896,85720.388971,48.0,0.363796
89566.201708,0.204274,0.795726,0.206671,0.927793,0.145126,26169.340357,0.343665,1.106942,0.185067,0.614404,0.0,0.855833,0.687233,137511.821436,225202.076975,60.0,0.401066
54921.745871,0.230602,0.769398,0.632351,0.509722,0.444522,20826.062407,-0.17762,1.255833,0.235112,0.847358,0.0,0.539536,0.594579,146094.050877,414704.681903,48.0,0.501014
65686.547502,0.214619,0.785381,0.338828,0.823935,0.231718,3826.687968,-0.162233,2.760109,0.038991,0.972232,0.0,0.492498,0.827755,212132.79707,403295.389307,60.0,0.44993
61559.252441,0.407799,0.592201,0.384952,0.90281,0.372172,5981.0035,-0.094571,2.283031,0.259792,0.744643,0.0,0.418423,0.920566,248730.20711,239392.928688,36.0,0.561658
82330.443752,0.176815,0.823185,0.452886,0.920777,0.1422,25820.08407,0.373621,2.653403,0.089225,0.857379,1.0,0.516617,0.631968,398072.185588,491121.559861,48.0,0.7987
68938.995606,0.251521,0.748479,0.505684,0.549134,0.399764,24296.765136,-0.291729,2.715677,0.302128,0.89392,0.0,0.844184,0.708821,303152.830725,246462.39046,60.0,0.444297
53564.144022,0.03348,0.96652,0.742784,0.581255,0.20395,14355.746314,-0.048375,1.523775,0.018721,0.765868,0.0,0.89167,0.927405,294067.569393,279546.803483,36.0,0.400633
73820.866357,0.053577,0.946423,0.523092,0.991726,0.359589,9463.792918,0.150555,1.246666,0.187821,0.980172,0.0,0.707495,0.553274,243214.669302,242118.559909,60.0,0.571917
54577.034217,0.388206,0.611794,0.596817,0.789253,0.221005,21509.547269,0.036869,2.406155,0.293129,0.552327,0.0,0.903847,0.808614,146289.659352,177671.5019,24.0,0.516654
88987.175859,0.270224,0.729776,0.561807,0.513769,0.163626,7251.924097,0.089723,1.452768,0.157336,0.760732,0.0,0.54296,0.875409,111322.277872,127346.438869,60.0,0.389271
83996.296348,0.078558,0.921442,0.236559,0.512062,0.406088,31050.197253,0.198183,2.114092,0.074232,0.572853,0.0,0.426869,0.470184,122938.853042,153806.24185,24.0,0.37705
66874.872589,0.19297,0.80703,0.174499,0.991526,0.287615,16889.358406,0.170031,2.116217,0.280713,0.740423,0.0,0.63174,0.406722,88427.87771,204098.116901,48.0,0.455314
21970.535566,0.030856,0.969144,0.683532,0.588086,0.225377,2144.048547,0.360384,2.179265,0.264291,0.893084,0.0,0.565818,0.869823,320587.683403,311139.214556,36.0,0.448468
38199.751456,0.433177,0.566823,0.640837,0.913569,0.131507,3033.912016,0.241166,1.033803,0.292355,0.702139,0.0,0.509428,0.622035,337297.320775,476252.53244,60.0,0.582608
20589.96573,0.009773,0.990227,0.383343,1.032089,0.340586,3476.259921,-0.235581,1.026084,0.226557,0.95807,0.0,0.579454,0.451925,90700.733061,433103.853871,36.0,0.571536
15118.923452,0.22351,0.77649,0.359235,0.931664,0.422382,1625.977098,0.13303,1.083915,0.215311,0.683642,0.0,0.737019,0.516788,202694.742578,164966.879067,36.0,0.476796
69421.170187,0.282301,0.717699,0.352469,0.698424,0.125091,6500.038615,0.003414,2.110842,0.314197,0.782876,0.0,0.683487,0.997004,284540.025427,283823.92964,24.0,0.364563
42824.681328,0.295681,0.704319,0.394797,0.450397,0.269975,6458.896633,0.185249,1.473495,0.007797,0.543488,0.0,0.658968,0.820925,396005.389257,270911.893671,36.0,0.352024
37704.425442,0.03933,0.96067,0.594684,1.037259,0.308641,14094.281148,0.358522,2.56793,0.126422,0.755248,0.0,0.982909,0.470667,225463.685508,202130.678419,24.0,0.520122
25347.730753,0.148399,0.851601,0.609638,0.462772,0.342082,8463.969085,0.085998,1.560662,0.212993,0.79611,0.0,0.963979,0.661445,120188.8923,139183.575461,60.0,0.394824
59072.615769,0.22464,0.77536,0.673067,0.993718,0.20723,17282.551028,-0.113519,1.263781,0.288158,0.673306,0.0,0.576189,0.691664,343902.83,213963.38748,36.0,0.543666
58348.339465,0.063164,0.936836,0.423014,0.40004,0.309592,21894.559448,-0.265153,2.264237,0.076845,0.852063,0.0,0.605303,0.565065,77965.986849,152104.369169,36.0,0.378391
79838.754835,0.49594,0.50406,0.697703,0.797167,0.41285,28278.21042,-0.104001,1.116822,0.169916,0.825975,0.0,0.947448,0.710026,114712.039785,189963.377276,60.0,0.512568
25218.729075,0.209843,0.790157,0.707074,1.000727,0.382298,3764.06301,0.037029,1.117835,0.123001,0.781229,0.0,0.818809,0.969275,91098.719683,321231.597782,24.0,0.540698
78288.037924,0.442954,0.557046,0.630583,0.456013,0.181357,2532.487369,0.316078,2.487736,0.079594,0.90847,0.0,0.876367,0.431944,253634.038018,163836.019623,24.0,0.430103
75724.649074,0.296824,0.703176,0.102992,0.714513,0.418997,25139.88993,0.157552,2.754513,0.200901,0.656129,0.0,0.826826,0.819476,137181.136278,351261.085266,60.0,0.332739
56649.96887,0.106669,0.893331,0.323999,0.786866,0.212079,10700.440272,-0.219103,2.672665,0.030832,0.812203,0.0,0.83257,0.955417,392317.431578,164917.52623,48.0,0.36288
21198.184498,0.450848,0.549152,0.14597,0.567581,0.134983,2982.966199,0.093036,2.221548,0.077623,0.591588,0.0,0.680963,0.578062,390078.868864,409142.053664,48.0,0.325872
54301.343503,0.440654,0.559346,0.666382,0.4984,0.29488,8810.535709,-0.108894,2.09134,0.013621,0.714633,0.0,0.516254,0.728772,396506.988585,498511.466425,48.0,0.554366
52753.486742,0.273581,0.726419,0.306648,0.548103,0.423975,16834.558191,0.141435,2.699619,0.142062,0.56895,0.0,0.42846,0.600395,211475.466621,266620.070259,48.0,0.486507
44510.515943,0.224493,0.775507,0.15204,1.024599,0.17262,10051.73943,0.210431,1.019466,0.011905,0.968459,0.0,0.941388,0.594731,74451.758174,344156.504973,48.0,0.366175
64956.180895,0.300044,0.699956,0.164824,0.454168,0.153039,20237.986248,0.358983,1.189509,0.345198,0.509548,0.0,0.59712,0.576959,380426.022793,366430.408533,24.0,0.375809
28286.069875,0.316923,0.683077,0.503639,0.997595,0.223992,10408.335986,-0.112366,2.880994,0.238906,0.999105,0.0,0.935781,0.800117,121961.900658,458469.105302,48.0,0.508263
19464.077583,0.078954,0.921046,0.628096,0.997332,0.14605,864.156755,-0.149781,2.438949,0.064082,0.939254,0.0,0.979967,0.792806,293373.826742,189044.461436,48.0,0.384305
36188.966209,0.477931,0.522069,0.59724,0.85772,0.398693,6712.265617,0.085521,2.861501,0.247904,0.794944,0.0,0.619694,0.41683,138403.869767,395418.366851,24.0,0.564416
88692.537877,0.143923,0.856077,0.240551,0.597641,0.358051,7211.180032,0.328084,1.237035,0.097102,0.563028,0.0,0.41886,0.528708,75506.424548,336861.358236,48.0,0.381414
55707.080048,0.31343,0.68657,0.721018,1.043816,0.231148,13712.267081,0.324335,2.919689,0.125711,0.879983,0.0,0.546179,0.62428,252807.950197,141533.329183,48.0,0.612214
17494.324777,0.203779,0.796221,0.711371,0.408481,0.126343,3997.054066,0.360033,2.817666,0.191624,0.536844,0.0,0.632114,0.663539,149341.097437,406883.443386,36.0,0.513688
52571.538016,0.347194,0.652806,0.678346,0.541573,0.183969,17838.112656,-0.08527,2.397779,0.345293,0.930944,0.0,0.412307,0.635578,215881.931992,398680.368932,36.0,0.552195
15603.745813,0.08034,0.91966,0.107185,0.7206,0.445172,1954.235615,-0.208994,1.782326,0.100054,0.729689,0.0,0.552863,0.749268,273430.355217,357826.413495,36.0,0.339325
31599.176996,0.165515,0.834485,0.109902,0.911846,0.308535,8129.217376,0.324643,2.677861,0.016238,0.622143,0.0,0.782324,0.975445,248967.193742,253881.90608,48.0,0.29471
26360.010628,0.451426,0.548574,0.355178,0.542964,0.164907,9779.757849,-0.102887,2.356677,0.335191,0.961765,0.0,0.673923,0.852542,398647.648925,313723.091124,60.0,0.388524
57419.524413,0.093034,0.906966,0.579015,0.901193,0.222856,9077.827802,-0.138338,2.686329,0.146678,0.902053,0.0,0.507509,0.405083,296033.047051,272180.712934,48.0,0.56128
20830.326261,0.230972,0.769028,0.116032,0.787295,0.120362,3707.112047,-0.236416,1.688504,0.056736,0.856847,0.0,0.730438,0.50856,206692.688302,482122.789999,24.0,0.350006
60599.58152,0.330127,0.669873,0.689488,0.740881,0.161083,13885.805705,0.042183,1.008552,0.128115,0.547232,0.0,0.46385,0.467239,208420.360624,304922.829986,48.0,0.587179
21116.477436,0.294271,0.705729,0.587256,0.848674,0.275247,5946.211765,-0.234063,2.112026,0.01556,0.525172,0.0,0.995449,0.603802,140353.281221,304690.760237,36.0,0.412535
88431.708687,0.304328,0.695672,0.6906,0.711735,0.176885,18006.978133,-0.067811,2.764136,0.303181,0.828678,0.0,0.997257,0.482861,305610.042038,280244.26675,24.0,0.440417
56339.988008,0.307521,0.692479,0.506427,0.945144,0.195451,14929.766911,-0.191159,1.503924,0.097099,0.743637,0.0,0.567257,0.526854,104770.89222,394708.551178,24.0,0.49555
88045.356359,0.478279,0.521721,0.561851,0.855716,0.342132,25910.666848,0.21435,1.255161,0.221915,0.989338,0.0,0.566199,0.828636,110751.017142,437997.62901,36.0,0.584228
52352.026641,0.425243,0.574757,0.669277,0.558405,0.356891,867.553357,0.243792,1.261286,0.032738,0.667733,0.0,0.428221,0.552079,126994.093664,366516.411405,24.0,0.545048
74478.539561,0.115405,0.884595,0.396997,0.631308,0.418021,2858.599685,0.076088,1.264038,0.024863,0.511459,0.0,0.497139,0.758929,201341.594995,451053.365331,24.0,0.43303
43359.008133,0.304059,0.695941,0.203429,0.886898,0.295192,2069.640535,0.249611,1.527341,0.294751,0.870937,0.0,0.892707,0.440129,191613.786915,148124.990935,24.0,0.434809
30226.804431,0.059258,0.940742,0.425707,0.63848,0.303869,4456.330559,0.288867,2.682869,0.317594,0.730252,0.0,0.851886,0.934555,190276.002433,374179.00775,36.0,0.327854
53410.87416,0.196858,0.803142,0.297078,0.586511,0.371812,5442.26295,0.159219,1.881951,0.15102,0.989848,0.0,0.810915,0.762795,124111.934929,174382.286507,60.0,0.336266
37672.565084,0.302259,0.697741,0.223352,0.950231,0.247162,6537.544432,0.283816,1.176919,0.33903,0.627863,0.0,0.871498,0.799279,372675.952031,390314.471605,48.0,0.370355
26347.918455,0.339589,0.660411,0.513551,1.020724,0.296154,5195.728487,0.39043,2.900742,0.216195,0.869953,0.0,0.958183,0.488511,141634.707349,210676.659652,24.0,0.522971
57817.022102,0.190133,0.809867,0.463809,0.923249,0.412829,16655.12809,0.373684,1.563467,0.161327,0.978998,0.0,0.933378,0.800026,183987.971401,179057.090986,36.0,0.426197
30173.016088,0.407618,0.592382,0.256576,0.451146,0.39537,10238.784409,0.070301,1.811336,0.130852,0.859384,0.0,0.621877,0.680143,307439.830398,464777.79351,48.0,0.395846
74704.952568,0.200688,0.799312,0.568359,1.043737,0.358176,28170.981096,0.341331,1.671007,0.069779,0.983527,0.0,0.661952,0.738591,396983.589764,193758.895584,60.0,0.594878
59598.542588,0.251395,0.748605,0.141328,0.535604,0.212518,1885.188994,-0.05972,1.739878,0.18742,0.954129,0.0,0.743612,0.955176,378527.809756,465167.313179,48.0,0.272713
76107.446072,0.092682,0.907318,0.192687,0.911243,0.242501,11607.507276,-0.088539,1.893369,0.039495,0.961319,0.0,0.408128,0.922069,153902.519841,180630.875785,24.0,0.381785
43860.447252,0.466563,0.533437,0.748503,1.019877,0.33472,10237.40052,-0.126531,2.794521,0.329336,0.908289,0.0,0.580598,0.590041,165041.731243,381725.615561,24.0,0.669754
45948.693428,0.328893,0.671107,0.167762,0.989849,0.41821,551.157784,0.151932,2.461741,0.173489,0.765415,0.0,0.613761,0.500207,376853.205419,113348.346611,60.0,0.428536
84939.900128,0.140426,0.859574,0.335786,1.03015,0.212189,30451.333516,0.003062,2.811687,0.279129,0.629881,0.0,0.906485,0.790292,290762.287448,100415.960157,60.0,0.386945
87365.507016,0.434847,0.565153,0.539859,0.849476,0.255604,11931.931199,0.21938,1.295176,0.316728,0.7314,0.0,0.479234,0.657985,291869.314537,250829.80647,36.0,0.570348
23360.633969,0.455513,0.544487,0.130317,0.896075,0.351088,7618.28672,0.26957,2.864858,0.022009,0.963786,0.0,0.620493,0.789446,283817.001094,99164.719248,24.0,0.456144
51288.370112,0.341209,0.658791,0.142713,0.521101,0.272828,17369.973401,-0.163593,1.850845,0.211475,0.613355,0.0,0.744199,0.875056,321541.389318,171399.006847,60.0,0.316302
62065.989316,0.043422,0.956578,0.690482,0.528999,0.185378,15452.802053,-0.054255,1.308349,0.271448,0.588005,0.0,0.832508,0.76056,123405.590472,385026.826449,60.0,0.459958
40797.704865,0.359568,0.640432,0.328962,0.980613,0.33756,3479.369469,-0.135758,1.337952,0.223978,0.885429,0.0,0.665616,0.819586,124635.39782,299329.235356,36.0,0.423512
42269.293099,0.236841,0.763159,0.681361,0.940538,0.378013,3812.721411,-0.141354,1.853643,0.177547,0.985996,0.0,0.681725,0.454983,76644.676383,489971.732444,24.0,0.595658
44181.747105,0.248917,0.751083,0.596919,0.924502,0.393822,3532.83077,-0.272998,1.028319,0.043638,0.698213,0.0,0.612532,0.907193,340033.049087,312521.24692,36.0,0.545196
87274.312298,0.246498,0.753502,0.509673,0.999978,0.371475,18646.414031,-0.119211,1.805074,0.070106,0.721308,0.0,0.557593,0.487089,393090.536816,484952.427678,36.0,0.534898
27103.936404,0.356035,0.643965,0.168985,0.794828,0.20374,1669.262757,0.092149,2.340706,0.259198,0.577141,1.0,0.889412,0.994487,274653.99513,157335.619889,48.0,0.611597
45377.053129,0.188513,0.811487,0.501656,1.045488,0.189651,11908.567161,0.330153,1.484486,0.313981,0.895178,0.0,0.687273,0.879243,82667.493304,352056.801827,24.0,0.48228
66275.565546,0.245888,0.754112,0.253605,0.715618,0.224034,22713.215647,0.364845,2.54434,0.22862,0.661979,0.0,0.408131,0.795995,134715.52449,241854.049215,60.0,0.457968
53153.848677,0.143412,0.856588,0.471092,0.868062,0.336761,8209.427354,-0.080318,1.553698,0.16665,0.680766,0.0,0.550856,0.443633,119255.165298,343007.872083,24.0,0.519116
47108.929741,0.36019,0.63981,0.468047,0.996903,0.232933,8070.046248,-0.288165,2.86669,0.031963,0.860448,0.0,0.755455,0.526912,169153.787593,309791.135852,48.0,0.52928
19514.859325,0.401714,0.598286,0.111804,0.509673,0.44221,5203.937983,-0.250216,2.733754,0.173646,0.567978,0.0,0.796979,0.489803,84919.146298,164749.844969,36.0,0.379297
47249.735057,0.473317,0.526683,0.445787,0.820723,0.253975,10704.799688,0.066254,1.431239,0.057741,0.745275,0.0,0.690324,0.447942,264660.321436,403606.319263,36.0,0.494922
44205.258382,0.38232,0.61768,0.320427,0.774904,0.295038,10991.857546,0.154124,1.840713,0.083031,0.818701,0.0,0.524803,0.778579,254366.37719,464654.116431,48.0,0.426318
60196.342892,0.314983,0.685017,0.300698,0.42007,0.289123,17458.894886,0.104753,1.669742,0.081611,0.572366,0.0,0.495124,0.751656,179670.76798,89877.970705,48.0,0.38779
43360.194679,0.496594,0.503406,0.396462,0.99908,0.27838,12331.057401,-0.299167,1.84173,0.196442,0.697822,0.0,0.585512,0.799229,207987.868553,248383.751996,60.0,0.536336
84251.793237,0.442407,0.557593,0.63054,0.650677,0.234694,23274.598707,-0.276358,2.715802,0.011559,0.703353,0.0,0.611802,0.819419,219888.32256,95806.723143,60.0,0.5439
57378.472961,0.308229,0.691771,0.386897,0.471441,0.329547,14920.098132,-0.203853,2.391891,0.077959,0.602944,0.0,0.816833,0.756139,304465.387037,155283.427943,48.0,0.324013
54676.214845,0.231336,0.768664,0.377268,0.552601,0.14586,6867.629316,-0.097013,2.049041,0.297479,0.920248,0.0,0.85807,0.767034,178551.520509,198311.047359,60.0,0.320173
87928.098215,0.37686,0.62314,0.712362,0.589904,0.193064,24937.698735,0.249895,2.583414,0.106873,0.560656,0.0,0.741631,0.762088,143159.975976,335133.601143,48.0,0.464449
48816.780123,0.113207,0.886793,0.670098,0.571466,0.293522,13200.479792,0.160168,2.122714,0.051136,0.523872,0.0,0.596913,0.652077,265849.175645,280351.776808,36.0,0.542119
65175.589407,0.266589,0.733411,0.43955,0.957787,0.208971,6496.108837,-0.227472,1.015952,0.312976,0.785503,0.0,0.477453,0.814763,99148.79987,281069.622337,24.0,0.519478
37601.894047,0.425813,0.574187,0.286593,0.861341,0.256224,5063.894014,0.260247,1.263823,0.272211,0.518646,0.0,0.406096,0.581063,252672.898078,436267.758517,60.0,0.559553
26128.627541,0.305469,0.694531,0.634924,0.491933,0.363308,3718.328381,-0.204548,1.229597,0.256844,0.730735,0.0,0.915083,0.918591,239780.104461,329860.350076,36.0,0.405069
40303.636656,0.33877,0.66123,0.101506,1.010948,0.440381,1271.681308,0.101565,1.436802,0.024075,0.852908,0.0,0.73153,0.513492,296559.405411,246550.484768,36.0,0.377151
31711.671428,0.27102,0.72898,0.675262,0.592805,0.180577,10513.225453,-0.1897,2.341497,0.047506,0.928988,0.0,0.516942,0.674512,122257.942335,250762.537176,24.0,0.465831
32399.302496,0.225381,0.774619,0.427883,0.850545,0.384329,5135.225434,0.275088,2.66239,0.011434,0.895735,0.0,0.993146,0.790675,301656.911378,456818.284684,48.0,0.381165
58692.502543,0.025062,0.974938,0.524982,0.820312,0.440852,10286.546013,-0.099768,1.931632,0.065913,0.51877,0.0,0.524704,0.591122,112756.357026,305355.837296,48.0,0.569811
27252.714203,0.407533,0.592467,0.282215,0.654048,0.179787,8193.326332,0.210883,2.507783,0.265572,0.599485,0.0,0.480086,0.99641,272026.88433,178184.710323,36.0,0.36767
39764.179476,0.286808,0.713192,0.232867,0.406475,0.127249,3137.689008,-0.014196,1.881946,0.256922,0.561428,0.0,0.940542,0.869988,184168.034622,422629.736844,60.0,0.280914
25649.583922,0.239194,0.760806,0.588087,0.604873,0.416553,581.378944,-0.105404,1.74039,0.019618,0.970781,0.0,0.503825,0.538498,257785.209932,403224.63936,60.0,0.487249
17178.253913,0.135427,0.864573,0.615062,0.430333,0.298261,3150.166513,0.362584,2.59911,0.283325,0.898582,0.0,0.950363,0.409831,214434.420794,148478.591757,36.0,0.442898
24930.206254,0.02606,0.97394,0.385575,0.971138,0.256484,8290.046206,0.162388,2.092929,0.255377,0.979221,0.0,0.899018,0.685772,276261.184327,287980.740628,48.0,0.416731
61672.394194,0.416202,0.583798,0.21887,0.571411,0.247485,15783.66214,-0.140827,2.744794,0.154247,0.89431,0.0,0.681497,0.489003,231968.344722,471076.296023,36.0,0.355835
59909.790181,0.401332,0.598668,0.54726,0.65043,0.370222,6751.77155,-0.121694,2.014266,0.258824,0.973577,0.0,0.691281,0.776321,213465.634547,403156.808876,24.0,0.521994
22479.726037,0.042268,0.957732,0.177497,0.697628,0.289459,2119.444257,-0.057341,2.37672,0.145575,0.959107,0.0,0.768514,0.801766,362890.836536,457499.167256,60.0,0.347366
79721.539705,0.242366,0.757634,0.61866,1.006146,0.317427,11241.431566,0.11143,2.238853,0.088137,0.67748,0.0,0.758907,0.841131,365115.961133,125944.626834,24.0,0.485791
25657.873138,0.246115,0.753885,0.265443,0.543203,0.269953,1678.535737,-0.047498,1.578523,0.05052,0.68784,0.0,0.626131,0.592302,335709.016089,328263.094792,60.0,0.40138
29426.823282,0.097649,0.902351,0.550031,0.930695,0.186778,3412.296537,-0.088571,2.754418,0.29173,0.652367,0.0,0.904371,0.699457,263734.907934,467428.424648,24.0,0.431563
16560.716967,0.083105,0.916895,0.499002,0.64539,0.287471,2314.266587,0.128454,2.749912,0.066313,0.840936,0.0,0.698101,0.774348,367283.074571,246849.599923,36.0,0.379861
80823.611206,0.37054,0.62946,0.274205,0.694028,0.284343,10310.079121,-0.180653,2.824097,0.198534,0.508768,0.0,0.448332,0.63962,244530.562374,139539.152086,36.0,0.412273
42666.407957,0.362564,0.637436,0.485144,0.476067,0.226452,14757.207521,0.350256,1.821025,0.014715,0.795706,0.0,0.589483,0.798904,257732.321447,177688.382291,36.0,0.418765
69015.116289,0.077085,0.922915,0.637334,0.869768,0.339147,26334.935866,-0.270078,1.753966,0.117329,0.629604,0.0,0.708623,0.787784,247416.444834,120780.337764,36.0,0.539033
31727.647179,0.269155,0.730845,0.128346,0.773033,0.40105,2848.502269,0.298877,1.128465,0.224828,0.58839,0.0,0.491104,0.969854,118784.560158,112033.166113,48.0,0.397625
83377.239192,0.056326,0.943674,0.199875,0.683036,0.257662,16658.890384,-0.018976,2.787259,0.036393,0.791425,0.0,0.718503,0.557286,242659.469246,243574.633076,48.0,0.366399
77787.875442,0.33686,0.66314,0.352374,0.770511,0.285817,29012.945766,0.009571,2.048835,0.085593,0.656839,0.0,0.596375,0.842049,191823.708541,248725.174355,60.0,0.469584
73130.309402,0.059376,0.940624,0.184046,0.592526,0.179497,17858.860541,0.200401,1.872237,0.050691,0.537552,0.0,0.509813,0.583383,81747.707542,199415.284757,48.0,0.354899
74687.826395,0.056384,0.943616,0.70948,0.996074,0.307556,25748.548103,0.306089,1.180095,0.301945,0.723257,0.0,0.895229,0.643751,267199.52406,490240.976195,48.0,0.555457
54513.446072,0.325844,0.674156,0.229456,0.877981,0.126568,4782.795346,0.002394,1.819643,0.258125,0.872563,0.0,0.823738,0.437433,178264.078634,162617.559986,36.0,0.404075
29504.384181,0.198015,0.801985,0.102502,0.810675,0.22779,2117.947797,-0.12901,2.05892,0.08223,0.854892,0.0,0.961191,0.73189,115025.199312,255530.536725,36.0,0.293026
57341.643069,0.305732,0.694268,0.35877,0.853379,0.174125,10490.966401,0.005303,1.488131,0.079498,0.921918,0.0,0.995766,0.524085,356507.433731,335953.790509,60.0,0.400785
81207.296379,0.101923,0.898077,0.364881,0.885539,0.286867,20626.644769,0.318291,2.92695,0.319568,0.875021,0.0,0.860778,0.50622,214657.771257,184089.50718,48.0,0.490476
23149.512113,0.486574,0.513426,0.531486,0.914216,0.186371,2089.093747,0.126142,1.198299,0.189197,0.754051,0.0,0.98249,0.609597,123523.887968,389612.711311,24.0,0.469427
39402.512819,0.468948,0.531052,0.555206,0.663939,0.415566,7770.30687,-0.23352,1.086898,0.264431,0.861676,0.0,0.895313,0.500229,275833.381009,472419.597403,24.0,0.538148
75991.399139,0.123681,0.876319,0.182833,0.794354,0.435652,3549.676308,0.342755,2.389587,0.12332,0.79671,0.0,0.747733,0.719945,143962.938219,370967.223537,48.0,0.38475
28364.630975,0.337778,0.662222,0.634241,0.497939,0.24896,4182.528807,0.367339,1.798508,0.134565,0.585407,0.0,0.921927,0.744848,92028.268926,215942.568542,36.0,0.393787
53042.235147,0.282752,0.717248,0.323229,0.545285,0.210033,9232.644205,0.145523,2.527993,0.258361,0.943297,0.0,0.747599,0.764698,211317.614102,343508.663174,36.0,0.389933
45900.429984,0.295133,0.704867,0.140904,0.684617,0.324183,8894.240423,0.093705,2.106492,0.208351,0.653497,0.0,0.807829,0.552946,179660.733589,339478.911737,48.0,0.347869
20645.097766,0.254529,0.745471,0.621289,0.950537,0.15714,3815.571904,-0.097717,1.916671,0.330303,0.671681,0.0,0.639201,0.748915,334865.269522,124863.493434,60.0,0.525343
58820.991852,0.013977,0.986023,0.10642,0.793203,0.338751,12111.704895,-0.023851,1.019826,0.337698,0.559134,0.0,0.932578,0.418839,195480.339732,483695.386146,24.0,0.332249
36740.84888,0.300915,0.699085,0.645914,0.516442,0.296432,3713.216373,0.064058,2.540345,0.000191,0.93863,0.0,0.743881,0.513972,286346.633833,97282.583256,60.0,0.446701
76110.26362,0.275533,0.724467,0.578981,0.570242,0.402021,30287.119243,0.087333,1.831988,0.302923,0.507284,0.0,0.955273,0.668247,185989.722693,85344.651638,24.0,0.42779
65974.278345,0.360102,0.639898,0.362143,0.784913,0.406915,15739.885264,0.151535,1.034575,0.338884,0.678718,0.0,0.57567,0.734775,320866.400243,160464.396378,60.0,0.552055
64872.483599,0.448601,0.551399,0.391737,0.433661,0.371186,23716.876816,0.338586,2.307255,0.185787,0.580998,0.0,0.926912,0.882188,70618.201184,345029.823892,36.0,0.352148
81641.669919,0.061438,0.938562,0.697307,0.59696,0.439747,4295.223955,0.116714,1.086532,0.169382,0.832633,0.0,0.972815,0.735176,375902.712467,423770.086206,48.0,0.406722
85499.888643,0.188915,0.811085,0.18193,0.610345,0.233584,20429.566507,0.31057,1.273854,0.326354,0.884059,0.0,0.510542,0.913065,102460.622989,83324.046577,36.0,0.341083
62640.170333,0.329953,0.670047,0.11911,0.724288,0.278532,9741.740048,0.078829,2.369469,0.113988,0.798644,0.0,0.760469,0.595755,92772.227737,426117.582049,36.0,0.351823
38440.486196,0.244549,0.755451,0.189167,0.616461,0.23474,1562.642373,0.191062,2.723706,0.208576,0.501662,0.0,0.549482,0.476635,122843.857421,118389.923206,24.0,0.435639
73434.952873,0.118414,0.881586,0.193071,1.030442,0.283236,12501.527801,-0.11051,2.285076,0.256027,0.808743,0.0,0.733411,0.827419,169217.829618,216384.085207,36.0,0.410864
37895.537971,0.340634,0.659366,0.563322,0.603208,0.254006,14817.130543,-0.070616,1.736487,0.029412,0.53328,0.0,0.601593,0.431335,349571.022812,99808.715527,48.0,0.518706
34374.476624,0.227054,0.772946,0.249709,0.637979,0.190892,10620.025642,-0.091706,2.74769,0.25613,0.926587,0.0,0.577478,0.89996,346995.515502,130014.646126,48.0,0.39689
88498.67238,0.229731,0.770269,0.650813,0.791972,0.132094,8190.304648,0.057382,1.06057,0.068333,0.764926,0.0,0.652771,0.924308,83340.208784,164436.481451,36.0,0.461774
17807.592515,0.237217,0.762783,0.213804,0.993846,0.142545,5658.568303,0.035943,1.950436,0.003375,0.913605,0.0,0.660877,0.589582,81282.25853,156246.495778,60.0,0.43238
45644.527633,0.415866,0.584134,0.312834,0.547177,0.388015,14318.668774,-0.264998,2.023768,0.302217,0.67812,0.0,0.811335,0.512795,154933.550772,240236.688022,24.0,0.448013
48201.981192,0.18945,0.81055,0.625897,0.782753,0.14155,5984.596727,-0.15307,1.792108,0.205681,0.787796,0.0,0.933195,0.777463,206203.95235,488100.890372,48.0,0.386499
59065.6451,0.292919,0.707081,0.124005,0.431346,0.316541,8039.645358,-0.140487,1.033924,0.317072,0.91633,1.0,0.810255,0.604228,92367.886003,115693.440042,60.0,0.607656
64767.83424,0.145255,0.854745,0.522858,0.653411,0.36292,13331.805392,0.061692,2.238506,0.328707,0.919686,0.0,0.769043,0.674693,186042.133338,151692.555514,48.0,0.497708
81737.470491,0.164297,0.835703,0.326544,0.737935,0.431998,24256.322028,0.289811,1.102684,0.050211,0.720554,0.0,0.750284,0.838677,267128.921483,456821.490662,24.0,0.429955
37442.979661,0.270224,0.729776,0.689748,0.693705,0.147043,215.502466,-0.070284,2.161199,0.104737,0.982743,0.0,0.955264,0.886531,328568.570989,413818.114466,36.0,0.404471
72041.207444,0.079938,0.920062,0.738328,0.468127,0.180134,6271.556087,-0.279221,2.056326,0.119602,0.717209,0.0,0.721826,0.865216,256561.565873,336096.934931,60.0,0.459631
20983.977732,0.47263,0.52737,0.107382,0.933693,0.363503,5180.483582,0.341844,2.932142,0.252047,0.815138,0.0,0.500154,0.46322,219123.51069,99737.512734,48.0,0.458044
79608.229562,0.462306,0.537694,0.243657,0.913057,0.149512,26399.964901,-0.080843,2.009185,0.2628,0.877272,0.0,0.678808,0.849401,321392.748686,360953.101916,36.0,0.390918
44592.286248,0.373064,0.626936,0.474188,0.911722,0.146341,4434.609885,0.300354,1.2513,0.200727,0.737155,0.0,0.480641,0.919684,178850.990543,182206.710904,60.0,0.456799
19430.310627,0.265559,0.734441,0.618441,0.95613,0.356669,331.997929,-0.070582,2.758639,0.104768,0.857317,0.0,0.52395,0.441807,176705.349066,372807.198569,60.0,0.570616
71814.449878,0.06993,0.93007,0.241071,0.626641,0.357806,11517.407037,-0.128258,1.70646,0.279468,0.530177,0.0,0.404269,0.600318,169397.421715,447002.353148,60.0,0.399896
62465.183747,0.145949,0.854051,0.155866,0.617303,0.247325,9384.10882,0.109348,2.1362,0.124974,0.894927,0.0,0.469414,0.627899,143673.77336,481737.894603,24.0,0.388907
77873.937287,0.455507,0.544493,0.218112,0.418312,0.172275,18518.464091,0.397738,2.300314,0.143451,0.671558,0.0,0.549624,0.506254,87950.313154,419039.931648,48.0,0.334675
67859.653542,0.206104,0.793896,0.168148,1.049464,0.272403,25753.815815,0.144224,1.409475,0.187395,0.909068,1.0,0.951428,0.645757,150304.33308,489631.417519,24.0,0.683673
17810.505883,0.334639,0.665361,0.18799,1.037084,0.12273,1016.694362,-0.006211,1.844441,0.326769,0.754555,0.0,0.461469,0.780256,289986.951143,270380.808627,36.0,0.469355
74568.519636,0.463283,0.536717,0.473836,0.429187,0.283448,7758.935849,0.22932,2.834885,0.301093,0.813348,0.0,0.815233,0.402156,119058.136336,292375.651638,48.0,0.484148
53186.063499,0.38263,0.61737,0.590359,0.627893,0.402374,5044.793557,0.282003,1.657303,0.262016,0.726837,0.0,0.907515,0.473972,150399.897561,162549.315162,60.0,0.521396
86989.165373,0.49256,0.50744,0.592413,0.945443,0.390851,26989.594693,0.235967,1.07023,0.106773,0.604132,0.0,0.702326,0.71363,82101.961169,287235.420095,60.0,0.564468
71055.966965,0.4809,0.5191,0.252124,0.663057,0.371124,12776.065365,0.28058,1.188586,0.251111,0.802521,0.0,0.773613,0.46763,383514.729878,161060.582066,60.0,0.478294
28971.728205,0.063858,0.936142,0.27193,0.508458,0.133041,3035.843941,0.158646,1.340771,0.304462,0.947219,0.0,0.766728,0.834497,181073.823967,273966.621729,24.0,0.275187
35962.385498,0.00984,0.99016,0.421586,0.784517,0.352371,1434.24875,-0.149436,1.541445,0.349241,0.620099,0.0,0.730503,0.44517,271270.612658,380126.536926,48.0,0.427708
62571.88368,0.072221,0.927779,0.453591,0.70265,0.313836,18405.612419,0.032269,2.488818,0.344037,0.932775,0.0,0.744602,0.522812,120335.06339,112814.020787,60.0,0.49896
74508.819214,0.092761,0.907239,0.641048,0.851033,0.342238,5137.870172,-0.230225,2.067139,0.21765,0.517723,1.0,0.583287,0.715504,93733.699871,240222.649353,24.0,0.843117
50616.835586,0.074655,0.925345,0.551398,0.510393,0.428303,3066.295624,-0.275396,2.189114,0.272801,0.618223,0.0,0.935958,0.648463,106084.264247,319921.320761,36.0,0.398199
55777.602186,0.015589,0.984411,0.409267,0.603443,0.139778,11042.466482,-0.204407,2.91063,0.19708,0.506162,0.0,0.879118,0.529713,216902.903545,159592.754663,24.0,0.370172
27874.888346,0.046762,0.953238,0.628448,0.768142,0.365271,5269.624958,-0.247101,1.779695,0.049887,0.559975,0.0,0.882559,0.552331,355847.184759,378176.993466,48.0,0.493311
74426.038402,0.499397,0.500603,0.20867,0.925033,0.438256,14110.015669,-0.295598,1.513671,0.085707,0.526897,0.0,0.987022,0.895032,318255.932052,203117.019682,36.0,0.344294
25816.851683,0.323973,0.676027,0.322509,0.539538,0.313945,7800.084768,-0.200659,2.465137,0.327782,0.865213,1.0,0.750005,0.583055,339919.565556,415091.247066,60.0,0.712937
81247.644749,0.187914,0.812086,0.538362,0.673433,0.326418,10263.406265,-0.142745,1.2611,0.143141,0.825773,1.0,0.761607,0.580065,249445.06398,487614.762542,36.0,0.760783
35276.129403,0.172473,0.827527,0.479825,0.627991,0.246147,1854.300142,-0.22559,2.33483,0.111884,0.96507,0.0,0.748865,0.904956,118048.040672,260544.16021,60.0,0.43404
67733.901861,0.366253,0.633747,0.675182,0.565945,0.303481,21435.442086,0.335811,2.02739,0.147455,0.606947,0.0,0.627622,0.435272,63288.349882,300717.936405,48.0,0.543708
16772.670547,0.374601,0.625399,0.527277,1.034674,0.442318,734.880873,-0.27723,1.583152,0.29623,0.565315,0.0,0.66231,0.426167,197245.733695,389530.362524,36.0,0.594271
87146.080842,0.312664,0.687336,0.610525,1.036771,0.211939,9377.459202,0.005932,1.898095,0.332704,0.752085,0.0,0.470361,0.744451,239446.582939,213795.675153,60.0,0.571716
68581.19245,0.004864,0.995136,0.208225,0.883262,0.28225,25753.620977,-0.196131,1.02909,0.315932,0.500745,0.0,0.524882,0.530682,80726.231091,87632.956582,60.0,0.43147
36876.81072,0.357159,0.642841,0.255527,0.472299,0.121594,7613.703959,0.100216,2.55629,0.349745,0.560659,0.0,0.471467,0.878993,67868.502714,481076.889332,24.0,0.36718
71472.642761,0.313888,0.686112,0.190261,0.721407,0.42816,21217.784941,0.107381,2.063865,0.270667,0.863378,0.0,0.844008,0.770666,191989.557915,307546.348676,48.0,0.358607
89174.398096,0.475477,0.524523,0.663291,0.755949,0.27841,9203.269492,-0.128539,1.101324,0.322476,0.907968,0.0,0.983465,0.70903,292660.95366,184597.29271,24.0,0.533211
69225.939048,0.122159,0.877841,0.70422,0.740204,0.148104,2560.443694,0.12289,2.291524,0.243006,0.664863,0.0,0.484913,0.743999,333650.993445,143034.117435,24.0,0.502613
34483.067731,0.423932,0.576068,0.335962,0.610562,0.198927,5694.850268,-0.27902,1.643303,0.330207,0.803605,1.0,0.55023,0.749203,299378.235884,442556.678428,60.0,0.739234
48121.256427,0.358057,0.641943,0.457849,0.573548,0.332508,308.591591,-0.202505,2.539982,0.318587,0.844359,0.0,0.491325,0.482664,135647.35036,267630.110908,48.0,0.558738
26196.885981,0.445341,0.554659,0.445071,0.725518,0.143109,2746.271446,-0.072667,1.271886,0.079591,0.956371,0.0,0.782304,0.515592,165934.83265,479434.687427,36.0,0.41974
49082.534919,0.004211,0.995789,0.502841,1.045119,0.304805,2738.594004,0.190854,1.214366,0.040668,0.709336,0.0,0.441666,0.506014,274725.867296,217492.870728,24.0,0.531724
79970.817543,0.198791,0.801209,0.139541,0.79105,0.192291,8460.982177,-0.014121,1.107564,0.044725,0.621151,0.0,0.485995,0.452,90508.564755,449171.052971,36.0,0.370388
82805.964012,0.283899,0.716101,0.507645,0.444618,0.149559,972.641092,0.333115,2.893008,0.250366,0.505764,0.0,0.841257,0.661136,170534.782382,481402.521448,48.0,0.355613
69405.45718,0.485323,0.514677,0.215508,0.493812,0.265136,27417.258535,0.296491,1.599692,0.288826,0.512577,0.0,0.773224,0.599738,62326.816204,289672.645793,36.0,0.422261
38184.573553,0.422672,0.577328,0.32732,1.024717,0.147414,15261.199725,0.074331,1.326364,0.111248,0.550778,0.0,0.807633,0.89563,287180.691987,156974.609089,60.0,0.475729
53204.095732,0.423652,0.576348,0.351827,0.628204,0.350601,8516.685253,-0.19315,1.260044,0.344248,0.978196,0.0,0.772841,0.665158,399248.528026,437966.519365,60.0,0.435988
78323.188724,0.395053,0.604947,0.403603,0.452338,0.172682,1882.56131,-0.154615,1.030089,0.144473,0.966325,0.0,0.883766,0.581985,252312.604072,497237.122704,36.0,0.311162
38490.52552,0.135938,0.864062,0.134871,0.871938,0.409973,11607.203247,0.083379,2.894949,0.052786,0.668139,0.0,0.782319,0.906086,265564.424031,395508.184058,36.0,0.331476
58112.40378,0.086034,0.913966,0.528951,0.579668,0.213408,19022.754358,0.23649,1.202151,0.24859,0.746529,0.0,0.517339,0.730259,240606.781616,274711.710696,24.0,0.50409
47177.58717,0.153362,0.846638,0.481394,0.586875,0.408562,9486.284471,-0.174861,1.129546,0.180886,0.793343,0.0,0.651865,0.413919,197751.610262,189061.554699,24.0,0.467785
22375.468956,0.050378,0.949622,0.15922,0.929865,0.242453,1754.893002,0.224826,1.164523,0.254173,0.623567,0.0,0.417585,0.82494,77325.619502,336746.324245,60.0,0.370295
85947.606437,0.248336,0.751664,0.574488,0.966992,0.247067,33947.733013,-0.158155,1.124964,0.244604,0.552517,0.0,0.668033,0.896843,271785.199087,463216.035682,24.0,0.487235
75569.079747,0.016217,0.983783,0.293579,1.008911,0.388386,7275.847296,0.225149,1.992764,0.034616,0.911318,1.0,0.857157,0.732866,75499.64134,394670.306326,60.0,0.693115
81307.956871,0.077794,0.922206,0.330606,0.864938,0.442664,32218.254709,0.205231,1.516741,0.203642,0.642448,0.0,0.98691,0.679996,238120.388029,444280.994931,24.0,0.416713
20778.098594,0.479102,0.520898,0.319503,0.507672,0.159395,3927.461617,-0.183473,2.056969,0.30353,0.72182,0.0,0.846806,0.683004,324992.471927,331472.606505,24.0,0.382699
50096.119407,0.472747,0.527253,0.117869,0.848669,0.156653,12335.056487,0.383164,1.309257,0.312815,0.838423,0.0,0.927469,0.752847,395867.005815,185551.968828,60.0,0.369197
55160.537435,0.242582,0.757418,0.126207,0.970899,0.304687,2339.741965,0.332057,1.364122,0.100379,0.507462,0.0,0.833677,0.729425,326688.563821,275519.276591,24.0,0.306539
63849.888289,0.334565,0.665435,0.618962,0.48772,0.409192,24620.740778,-0.186412,2.648481,0.136746,0.519026,0.0,0.995989,0.761479,319562.241361,311624.133796,60.0,0.401881
64978.634606,0.009962,0.990038,0.543456,0.63173,0.264187,17936.534406,-0.127865,2.699409,0.320037,0.682339,0.0,0.849141,0.926483,108292.769122,215178.706371,24.0,0.434574
82098.684031,0.411726,0.588274,0.102868,1.003033,0.191803,11952.868154,0.385458,2.909982,0.227072,0.883422,0.0,0.935673,0.493924,348501.771778,375182.835863,24.0,0.386809
79927.690042,0.288944,0.711056,0.655932,0.727203,0.192729,326.709172,0.339012,2.47718,0.21024,0.904745,0.0,0.888428,0.589836,137735.273808,141891.24288,48.0,0.511198
43279.274223,0.359848,0.640152,0.5643,1.042955,0.350434,6998.775883,0.255932,1.462177,0.303708,0.807232,0.0,0.597997,0.585915,90843.175737,81318.911589,24.0,0.637856
81034.83414,0.138069,0.861931,0.268725,1.045856,0.281893,26587.946981,0.109645,1.848973,0.335705,0.660029,0.0,0.548069,0.602176,313116.399944,464045.516573,24.0,0.468788
72782.130917,0.452916,0.547084,0.314185,0.464012,0.197289,10833.358539,0.093951,2.013379,0.119478,0.629799,0.0,0.625828,0.963333,75508.912796,362007.57102,60.0,0.316632
70076.39966,0.00943,0.99057,0.290267,0.892946,0.39805,10366.02954,-0.103871,2.546328,0.163997,0.518339,0.0,0.438795,0.461047,216635.471651,105681.375171,60.0,0.460644
43820.555921,0.131787,0.868213,0.445513,0.816791,0.19586,11648.896756,-0.257159,1.195405,0.111318,0.98935,0.0,0.718046,0.86579,362146.873104,204532.877244,24.0,0.451523
52744.115021,0.162159,0.837841,0.217694,0.432377,0.305665,7011.397315,0.239404,1.788854,0.184827,0.990633,0.0,0.936102,0.511562,235506.101724,206108.101597,24.0,0.286824
47145.808591,0.068053,0.931947,0.680039,0.844075,0.16746,17832.343875,0.301767,2.412814,0.330078,0.604123,0.0,0.729094,0.952508,221801.918164,370483.992682,48.0,0.509094
31341.608144,0.264507,0.735493,0.643332,0.794798,0.254124,8422.391834,-0.278853,1.526492,0.321483,0.761658,0.0,0.636031,0.807654,119964.068231,371447.118227,48.0,0.565988
34478.11805,0.173427,0.826573,0.441137,0.942259,0.374761,6540.710942,0.104397,2.484407,0.334948,0.663686,1.0,0.912253,0.657439,147506.608397,83710.517526,36.0,0.77029
66135.859819,0.368933,0.631067,0.137552,0.707898,0.316475,12258.239199,0.197476,1.688524,0.055575,0.925269,0.0,0.752018,0.917593,142021.620591,408127.652119,48.0,0.29043
28569.575628,0.105029,0.894971,0.644241,0.696037,0.18806,681.513514,-0.176755,2.887386,0.051529,0.551644,0.0,0.856946,0.90155,342244.979785,353524.507229,60.0,0.394665
24051.901085,0.24591,0.75409,0.137184,0.591443,0.32354,5225.952162,-0.220186,1.53641,0.193371,0.788562,0.0,0.539613,0.624878,379598.965907,430929.193783,24.0,0.35126
79235.841934,0.089586,0.910414,0.217119,0.668586,0.437157,18022.632701,0.084715,1.191311,0.342754,0.633071,1.0,0.807165,0.561183,341800.58782,105431.009362,24.0,0.68811
80126.365091,0.225288,0.774712,0.593658,0.999034,0.386054,2576.385372,0.346696,1.891296,0.272486,0.944086,0.0,0.811151,0.964817,159009.801584,163279.493508,36.0,0.499832
49412.850728,0.126903,0.873097,0.475422,0.954328,0.404798,8707.91972,0.094241,2.565039,0.151631,0.620833,0.0,0.733124,0.723959,385686.924393,93654.752012,60.0,0.518393
39382.229481,0.030433,0.969567,0.500258,0.798286,0.445591,5120.477315,0.189217,1.437968,0.211649,0.56361,0.0,0.820429,0.994784,227707.137624,307185.619039,24.0,0.393759
57944.394304,0.411123,0.588877,0.523941,0.594002,0.374893,18938.642692,-0.25835,2.66089,0.251484,0.726281,0.0,0.787529,0.894438,214229.875605,149805.865528,48.0,0.44158
30405.674049,0.244626,0.755374,0.507291,0.642863,0.269372,6.939054,0.301414,1.869698,0.285623,0.709348,0.0,0.697097,0.618033,200346.314816,445835.677304,36.0,0.414582
15767.217203,0.357434,0.642566,0.72389,0.948888,0.316357,1046.337443,0.240153,2.808237,0.27182,0.972248,0.0,0.92927,0.542918,71075.306945,188800.186721,24.0,0.569996
28001.454379,0.078439,0.921561,0.260723,0.512654,0.435943,2740.541709,-0.252935,1.307928,0.130984,0.825988,0.0,0.598831,0.912104,80189.054151,339640.546676,36.0,0.399676
36275.992875,0.398107,0.601893,0.121704,0.955956,0.311695,11799.265558,0.265975,1.569674,0.274179,0.811891,0.0,0.853032,0.547362,357549.990528,203708.165116,36.0,0.402898
27240.853491,0.213377,0.786623,0.449312,0.625433,0.366385,5866.217755,0.151577,1.244898,0.291079,0.89433,1.0,0.851595,0.45428,359099.300184,104163.527985,48.0,0.747795
71351.763344,0.196411,0.803589,0.497624,0.799612,0.433955,3365.074622,-0.130091,1.992826,0.069331,0.740561,0.0,0.585394,0.623017,114418.058114,460694.065588,60.0,0.476087
73115.547262,0.134101,0.865899,0.232047,0.691289,0.325304,23304.260447,0.11017,1.361623,0.156218,0.851495,0.0,0.459925,0.623426,305666.022273,133805.711244,60.0,0.46898
35555.210751,0.159251,0.840749,0.430652,0.996576,0.203119,1463.247933,0.333994,2.402439,0.311625,0.712862,0.0,0.669141,0.859872,68992.898923,319854.396351,36.0,0.484362
80951.963253,0.451193,0.548807,0.189329,0.439705,0.174851,3428.954274,-0.052317,1.460543,0.116153,0.504967,0.0,0.456452,0.52593,322443.636264,122154.355529,24.0,0.357093
64964.278848,0.024685,0.975315,0.415324,0.784332,0.330445,6780.408285,0.123825,1.2537,0.242348,0.625662,0.0,0.478775,0.982449,230584.247897,179232.13927,48.0,0.466094
65655.439676,0.350206,0.649794,0.17115,0.517216,0.426131,194.961371,0.240163,1.966205,0.014507,0.746355,0.0,0.629322,0.744749,386958.421402,449863.596845,36.0,0.353535
88963.300264,0.214999,0.785001,0.667195,1.012791,0.174757,16627.950658,0.080031,1.579672,0.151652,0.528665,0.0,0.711859,0.781924,327107.449373,230896.45288,36.0,0.567075
